STATION,STATION_NAME,DATE,PRCP,SNWD,SNOW
GHCND:USW00014732,NEW YORK LAGUARDIA AIRPORT NY US,20130701,185,0,0
GHCND:USW00014732,NEW YORK LAGUARDIA AIRPORT NY US,20130702,15,0,0
GHCND:USW00014732,NEW YORK LAGUARDIA AIRPORT NY US,20130703,244,0,0
GHCND:USW00014732,NEW YORK LAGUARDIA AIRPORT NY US,20130704,0,0,0
GHCND:USW00014732,NEW YORK LAGUARDIA AIRPORT NY US,20130705,0,0,0
GHCND:USW00014732,NEW YORK LAGUARDIA AIRPORT NY US,20130706,0,0,0
GHCND:USW00014732,NEW YORK LAGUARDIA AIRPORT NY US,20130707,0,0,0
GHCND:USW00014732,NEW YORK LAGUARDIA AIRPORT NY US,20130708,0,0,0
GHCND:USW00014732,NEW YORK LAGUARDIA AIRPORT NY US,20130709,15,0,0
GHCND:USW00014732,NEW YORK LAGUARDIA AIRPORT NY US,20130710,5,0,0
GHCND:USW00014732,NEW YORK LAGUARDIA AIRPORT NY US,20130711,0,0,0
GHCND:USW00014732,NEW YORK LAGUARDIA AIRPORT NY US,20130712,56,0,0
GHCND:USW00014732,NEW YORK LAGUARDIA AIRPORT NY US,20130713,5,0,0
GHCND:USW00014732,NEW YORK LAGUARDIA AIRPORT NY US,20130714,0,0,0
GHCND:USW00014732,NEW YORK LAGUARDIA AIRPORT NY US,20130715,0,0,0
GHCND:USW00014732,NEW YORK LAGUARDIA AIRPORT NY US,20130716,0,0,0
GHCND:USW00014732,NEW YORK LAGUARDIA AIRPORT NY US,20130717,0,0,0
GHCND:USW00014732,NEW YORK LAGUARDIA AIRPORT NY US,20130718,0,0,0
GHCND:USW00014732,NEW YORK LAGUARDIA AIRPORT NY US,20130719,0,0,0
GHCND:USW00014732,NEW YORK LAGUARDIA AIRPORT NY US,20130720,0,0,0
GHCND:USW00014732,NEW YORK LAGUARDIA AIRPORT NY US,20130721,0,0,0
GHCND:USW00014732,NEW YORK LAGUARDIA AIRPORT NY US,20130722,69,0,0
GHCND:USW00014732,NEW YORK LAGUARDIA AIRPORT NY US,20130723,79,0,0
GHCND:USW00014732,NEW YORK LAGUARDIA AIRPORT NY US,20130724,0,0,0
GHCND:USW00014732,NEW YORK LAGUARDIA AIRPORT NY US,20130725,5,0,0
GHCND:USW00014732,NEW YORK LAGUARDIA AIRPORT NY US,20130726,0,0,0
GHCND:USW00014732,NEW YORK LAGUARDIA AIRPORT NY US,20130727,0,0,0
GHCND:USW00014732,NEW YORK LAGUARDIA AIRPORT NY US,20130728,33,0,0
GHCND:USW00014732,NEW YORK LAGUARDIA AIRPORT NY US,20130729,0,0,0
GHCND:USW00014732,NEW YORK LAGUARDIA AIRPORT NY US,20130730,0,0,0
GHCND:USW00014732,NEW YORK LAGUARDIA AIRPORT NY US,20130731,0,0,0
GHCND:USW00014732,NEW YORK LAGUARDIA AIRPORT NY US,20130801,127,0,0
GHCND:USW00014732,NEW YORK LAGUARDIA AIRPORT NY US,20130802,0,0,0
GHCND:USW00014732,NEW YORK LAGUARDIA AIRPORT NY US,20130803,3,0,0
GHCND:USW00014732,NEW YORK LAGUARDIA AIRPORT NY US,20130804,0,0,0
GHCND:USW00014732,NEW YORK LAGUARDIA AIRPORT NY US,20130805,0,0,0
GHCND:USW00014732,NEW YORK LAGUARDIA AIRPORT NY US,20130806,0,0,0
GHCND:USW00014732,NEW YORK LAGUARDIA AIRPORT NY US,20130807,3,0,0
GHCND:USW00014732,NEW YORK LAGUARDIA AIRPORT NY US,20130808,51,0,0
GHCND:USW00014732,NEW YORK LAGUARDIA AIRPORT NY US,20130809,18,0,0
GHCND:USW00014732,NEW YORK LAGUARDIA AIRPORT NY US,20130810,0,0,0
GHCND:USW00014732,NEW YORK LAGUARDIA AIRPORT NY US,20130811,0,0,0
GHCND:USW00014732,NEW YORK LAGUARDIA AIRPORT NY US,20130812,23,0,0
GHCND:USW00014732,NEW YORK LAGUARDIA AIRPORT NY US,20130813,188,0,0
GHCND:USW00014732,NEW YORK LAGUARDIA AIRPORT NY US,20130814,0,0,0
GHCND:USW00014732,NEW YORK LAGUARDIA AIRPORT NY US,20130815,0,0,0
GHCND:USW00014732,NEW YORK LAGUARDIA AIRPORT NY US,20130816,0,0,0
GHCND:USW00014732,NEW YORK LAGUARDIA AIRPORT NY US,20130817,0,0,0
GHCND:USW00014732,NEW YORK LAGUARDIA AIRPORT NY US,20130818,0,0,0
GHCND:USW00014732,NEW YORK LAGUARDIA AIRPORT NY US,20130819,0,0,0
GHCND:USW00014732,NEW YORK LAGUARDIA AIRPORT NY US,20130820,0,0,0
GHCND:USW00014732,NEW YORK LAGUARDIA AIRPORT NY US,20130821,0,0,0
GHCND:USW00014732,NEW YORK LAGUARDIA AIRPORT NY US,20130822,61,0,0
GHCND:USW00014732,NEW YORK LAGUARDIA AIRPORT NY US,20130823,0,0,0
GHCND:USW00014732,NEW YORK LAGUARDIA AIRPORT NY US,20130824,0,0,0
GHCND:USW00014732,NEW YORK LAGUARDIA AIRPORT NY US,20130825,0,0,0
GHCND:USW00014732,NEW YORK LAGUARDIA AIRPORT NY US,20130826,0,0,0
GHCND:USW00014732,NEW YORK LAGUARDIA AIRPORT NY US,20130827,3,0,0
GHCND:USW00014732,NEW YORK LAGUARDIA AIRPORT NY US,20130828,25,0,0
GHCND:USW00014732,NEW YORK LAGUARDIA AIRPORT NY US,20130829,0,0,0
GHCND:USW00014732,NEW YORK LAGUARDIA AIRPORT NY US,20130830,0,0,0
GHCND:USW00014732,NEW YORK LAGUARDIA AIRPORT NY US,20130831,0,0,0
GHCND:USW00014732,NEW YORK LAGUARDIA AIRPORT NY US,20130901,0,0,0
GHCND:USW00014732,NEW YORK LAGUARDIA AIRPORT NY US,20130902,229,0,0
GHCND:USW00014732,NEW YORK LAGUARDIA AIRPORT NY US,20130903,23,0,0
GHCND:USW00014732,NEW YORK LAGUARDIA AIRPORT NY US,20130904,0,0,0
GHCND:USW00014732,NEW YORK LAGUARDIA AIRPORT NY US,20130905,0,0,0
GHCND:USW00014732,NEW YORK LAGUARDIA AIRPORT NY US,20130906,0,0,0
GHCND:USW00014732,NEW YORK LAGUARDIA AIRPORT NY US,20130907,0,0,0
GHCND:USW00014732,NEW YORK LAGUARDIA AIRPORT NY US,20130908,0,0,0
GHCND:USW00014732,NEW YORK LAGUARDIA AIRPORT NY US,20130909,0,0,0
GHCND:USW00014732,NEW YORK LAGUARDIA AIRPORT NY US,20130910,0,0,0
GHCND:USW00014732,NEW YORK LAGUARDIA AIRPORT NY US,20130911,0,0,0
GHCND:USW00014732,NEW YORK LAGUARDIA AIRPORT NY US,20130912,323,0,0
GHCND:USW00014732,NEW YORK LAGUARDIA AIRPORT NY US,20130913,8,0,0
GHCND:USW00014732,NEW YORK LAGUARDIA AIRPORT NY US,20130914,0,0,0
GHCND:USW00014732,NEW YORK LAGUARDIA AIRPORT NY US,20130915,0,0,0
GHCND:USW00014732,NEW YORK LAGUARDIA AIRPORT NY US,20130916,5,0,0
GHCND:USW00014732,NEW YORK LAGUARDIA AIRPORT NY US,20130917,0,0,0
GHCND:USW00014732,NEW YORK LAGUARDIA AIRPORT NY US,20130918,0,0,0
GHCND:USW00014732,NEW YORK LAGUARDIA AIRPORT NY US,20130919,0,0,0
GHCND:USW00014732,NEW YORK LAGUARDIA AIRPORT NY US,20130920,0,0,0
GHCND:USW00014732,NEW YORK LAGUARDIA AIRPORT NY US,20130921,114,0,0
GHCND:USW00014732,NEW YORK LAGUARDIA AIRPORT NY US,20130922,135,0,0
GHCND:USW00014732,NEW YORK LAGUARDIA AIRPORT NY US,20130923,0,0,0
GHCND:USW00014732,NEW YORK LAGUARDIA AIRPORT NY US,20130924,0,0,0
GHCND:USW00014732,NEW YORK LAGUARDIA AIRPORT NY US,20130925,0,0,0
GHCND:USW00014732,NEW YORK LAGUARDIA AIRPORT NY US,20130926,0,0,0
GHCND:USW00014732,NEW YORK LAGUARDIA AIRPORT NY US,20130927,0,0,0
GHCND:USW00014732,NEW YORK LAGUARDIA AIRPORT NY US,20130928,0,0,0
GHCND:USW00014732,NEW YORK LAGUARDIA AIRPORT NY US,20130929,0,0,0
GHCND:USW00014732,NEW YORK LAGUARDIA AIRPORT NY US,20130930,0,0,0
GHCND:USW00014732,NEW YORK LAGUARDIA AIRPORT NY US,20131001,0,0,0
GHCND:USW00014732,NEW YORK LAGUARDIA AIRPORT NY US,20131002,0,0,0
GHCND:USW00014732,NEW YORK LAGUARDIA AIRPORT NY US,20131003,0,0,0
GHCND:USW00014732,NEW YORK LAGUARDIA AIRPORT NY US,20131004,8,0,0
GHCND:USW00014732,NEW YORK LAGUARDIA AIRPORT NY US,20131005,0,0,0
GHCND:USW00014732,NEW YORK LAGUARDIA AIRPORT NY US,20131006,3,0,0
GHCND:USW00014732,NEW YORK LAGUARDIA AIRPORT NY US,20131007,84,0,0
GHCND:USW00014732,NEW YORK LAGUARDIA AIRPORT NY US,20131008,0,0,0
GHCND:USW00014732,NEW YORK LAGUARDIA AIRPORT NY US,20131009,0,0,0
GHCND:USW00014732,NEW YORK LAGUARDIA AIRPORT NY US,20131010,0,0,0
GHCND:USW00014732,NEW YORK LAGUARDIA AIRPORT NY US,20131011,0,0,0
GHCND:USW00014732,NEW YORK LAGUARDIA AIRPORT NY US,20131012,0,0,0
GHCND:USW00014732,NEW YORK LAGUARDIA AIRPORT NY US,20131013,0,0,0
GHCND:USW00014732,NEW YORK LAGUARDIA AIRPORT NY US,20131014,0,0,0
GHCND:USW00014732,NEW YORK LAGUARDIA AIRPORT NY US,20131015,0,0,0
GHCND:USW00014732,NEW YORK LAGUARDIA AIRPORT NY US,20131016,0,0,0
GHCND:USW00014732,NEW YORK LAGUARDIA AIRPORT NY US,20131017,3,0,0
GHCND:USW00014732,NEW YORK LAGUARDIA AIRPORT NY US,20131018,0,0,0
GHCND:USW00014732,NEW YORK LAGUARDIA AIRPORT NY US,20131019,0,0,0
GHCND:USW00014732,NEW YORK LAGUARDIA AIRPORT NY US,20131020,0,0,0
GHCND:USW00014732,NEW YORK LAGUARDIA AIRPORT NY US,20131021,0,0,0
GHCND:USW00014732,NEW YORK LAGUARDIA AIRPORT NY US,20131022,0,0,0
GHCND:USW00014732,NEW YORK LAGUARDIA AIRPORT NY US,20131023,0,0,0
GHCND:USW00014732,NEW YORK LAGUARDIA AIRPORT NY US,20131024,0,0,0
GHCND:USW00014732,NEW YORK LAGUARDIA AIRPORT NY US,20131025,0,0,0
GHCND:USW00014732,NEW YORK LAGUARDIA AIRPORT NY US,20131026,0,0,0
GHCND:USW00014732,NEW YORK LAGUARDIA AIRPORT NY US,20131027,0,0,0
GHCND:USW00014732,NEW YORK LAGUARDIA AIRPORT NY US,20131028,0,0,0
GHCND:USW00014732,NEW YORK LAGUARDIA AIRPORT NY US,20131029,0,0,0
GHCND:USW00014732,NEW YORK LAGUARDIA AIRPORT NY US,20131030,0,0,0
GHCND:USW00014732,NEW YORK LAGUARDIA AIRPORT NY US,20131031,13,0,0
GHCND:USW00014732,NEW YORK LAGUARDIA AIRPORT NY US,20131101,13,0,0
GHCND:USW00014732,NEW YORK LAGUARDIA AIRPORT NY US,20131102,3,0,0
GHCND:USW00014732,NEW YORK LAGUARDIA AIRPORT NY US,20131103,0,0,0
GHCND:USW00014732,NEW YORK LAGUARDIA AIRPORT NY US,20131104,0,0,0
GHCND:USW00014732,NEW YORK LAGUARDIA AIRPORT NY US,20131105,0,0,0
GHCND:USW00014732,NEW YORK LAGUARDIA AIRPORT NY US,20131106,0,0,0
GHCND:USW00014732,NEW YORK LAGUARDIA AIRPORT NY US,20131107,20,0,0
GHCND:USW00014732,NEW YORK LAGUARDIA AIRPORT NY US,20131108,0,0,0
GHCND:USW00014732,NEW YORK LAGUARDIA AIRPORT NY US,20131109,0,0,0
GHCND:USW00014732,NEW YORK LAGUARDIA AIRPORT NY US,20131110,0,0,0
GHCND:USW00014732,NEW YORK LAGUARDIA AIRPORT NY US,20131111,0,0,0
GHCND:USW00014732,NEW YORK LAGUARDIA AIRPORT NY US,20131112,8,0,0
GHCND:USW00014732,NEW YORK LAGUARDIA AIRPORT NY US,20131113,0,0,0
GHCND:USW00014732,NEW YORK LAGUARDIA AIRPORT NY US,20131114,0,0,0
GHCND:USW00014732,NEW YORK LAGUARDIA AIRPORT NY US,20131115,0,0,0
GHCND:USW00014732,NEW YORK LAGUARDIA AIRPORT NY US,20131116,13,0,0
GHCND:USW00014732,NEW YORK LAGUARDIA AIRPORT NY US,20131117,5,0,0
GHCND:USW00014732,NEW YORK LAGUARDIA AIRPORT NY US,20131118,58,0,0
GHCND:USW00014732,NEW YORK LAGUARDIA AIRPORT NY US,20131119,0,0,0
GHCND:USW00014732,NEW YORK LAGUARDIA AIRPORT NY US,20131120,0,0,0
GHCND:USW00014732,NEW YORK LAGUARDIA AIRPORT NY US,20131121,0,0,0
GHCND:USW00014732,NEW YORK LAGUARDIA AIRPORT NY US,20131122,18,0,0
GHCND:USW00014732,NEW YORK LAGUARDIA AIRPORT NY US,20131123,5,0,5
GHCND:USW00014732,NEW YORK LAGUARDIA AIRPORT NY US,20131124,0,0,0
GHCND:USW00014732,NEW YORK LAGUARDIA AIRPORT NY US,20131125,0,0,0
GHCND:USW00014732,NEW YORK LAGUARDIA AIRPORT NY US,20131126,119,0,0
GHCND:USW00014732,NEW YORK LAGUARDIA AIRPORT NY US,20131127,442,0,0
GHCND:USW00014732,NEW YORK LAGUARDIA AIRPORT NY US,20131128,0,0,0
GHCND:USW00014732,NEW YORK LAGUARDIA AIRPORT NY US,20131129,0,0,0
GHCND:USW00014732,NEW YORK LAGUARDIA AIRPORT NY US,20131130,0,0,0
GHCND:USW00014732,NEW YORK LAGUARDIA AIRPORT NY US,20131201,0,0,0
GHCND:USW00014732,NEW YORK LAGUARDIA AIRPORT NY US,20131202,0,0,0
GHCND:USW00014732,NEW YORK LAGUARDIA AIRPORT NY US,20131203,0,0,0
GHCND:USW00014732,NEW YORK LAGUARDIA AIRPORT NY US,20131204,0,0,0
GHCND:USW00014732,NEW YORK LAGUARDIA AIRPORT NY US,20131205,3,0,0
GHCND:USW00014732,NEW YORK LAGUARDIA AIRPORT NY US,20131206,185,0,0
GHCND:USW00014732,NEW YORK LAGUARDIA AIRPORT NY US,20131207,33,0,0
GHCND:USW00014732,NEW YORK LAGUARDIA AIRPORT NY US,20131208,13,0,18
GHCND:USW00014732,NEW YORK LAGUARDIA AIRPORT NY US,20131209,53,0,0
GHCND:USW00014732,NEW YORK LAGUARDIA AIRPORT NY US,20131210,56,0,28
GHCND:USW00014732,NEW YORK LAGUARDIA AIRPORT NY US,20131211,0,0,0
GHCND:USW00014732,NEW YORK LAGUARDIA AIRPORT NY US,20131212,0,0,0
GHCND:USW00014732,NEW YORK LAGUARDIA AIRPORT NY US,20131213,0,0,0
GHCND:USW00014732,NEW YORK LAGUARDIA AIRPORT NY US,20131214,112,0,119
GHCND:USW00014732,NEW YORK LAGUARDIA AIRPORT NY US,20131215,196,50,0
GHCND:USW00014732,NEW YORK LAGUARDIA AIRPORT NY US,20131216,0,30,0
GHCND:USW00014732,NEW YORK LAGUARDIA AIRPORT NY US,20131217,41,30,28
GHCND:USW00014732,NEW YORK LAGUARDIA AIRPORT NY US,20131218,0,30,0
GHCND:USW00014732,NEW YORK LAGUARDIA AIRPORT NY US,20131219,0,30,0
GHCND:USW00014732,NEW YORK LAGUARDIA AIRPORT NY US,20131220,0,0,0
GHCND:USW00014732,NEW YORK LAGUARDIA AIRPORT NY US,20131221,0,0,0
GHCND:USW00014732,NEW YORK LAGUARDIA AIRPORT NY US,20131222,3,0,0
GHCND:USW00014732,NEW YORK LAGUARDIA AIRPORT NY US,20131223,135,0,0
GHCND:USW00014732,NEW YORK LAGUARDIA AIRPORT NY US,20131224,0,0,0
GHCND:USW00014732,NEW YORK LAGUARDIA AIRPORT NY US,20131225,0,0,0
GHCND:USW00014732,NEW YORK LAGUARDIA AIRPORT NY US,20131226,0,0,0
GHCND:USW00014732,NEW YORK LAGUARDIA AIRPORT NY US,20131227,0,0,0
GHCND:USW00014732,NEW YORK LAGUARDIA AIRPORT NY US,20131228,0,0,0
GHCND:USW00014732,NEW YORK LAGUARDIA AIRPORT NY US,20131229,305,0,0
GHCND:USW00014732,NEW YORK LAGUARDIA AIRPORT NY US,20131230,0,0,0
GHCND:USW00014732,NEW YORK LAGUARDIA AIRPORT NY US,20131231,0,0,0
GHCND:USW00014732,NEW YORK LAGUARDIA AIRPORT NY US,20140101,0,0,0
GHCND:USW00014732,NEW YORK LAGUARDIA AIRPORT NY US,20140102,46,0,86
GHCND:USW00014732,NEW YORK LAGUARDIA AIRPORT NY US,20140103,64,180,114
GHCND:USW00014732,NEW YORK LAGUARDIA AIRPORT NY US,20140104,0,200,0
GHCND:USW00014732,NEW YORK LAGUARDIA AIRPORT NY US,20140105,25,100,0
GHCND:USW00014732,NEW YORK LAGUARDIA AIRPORT NY US,20140106,79,0,0
GHCND:USW00014732,NEW YORK LAGUARDIA AIRPORT NY US,20140107,0,0,0
GHCND:USW00014732,NEW YORK LAGUARDIA AIRPORT NY US,20140108,0,0,0
GHCND:USW00014732,NEW YORK LAGUARDIA AIRPORT NY US,20140109,0,0,0
GHCND:USW00014732,NEW YORK LAGUARDIA AIRPORT NY US,20140110,38,0,3
GHCND:USW00014732,NEW YORK LAGUARDIA AIRPORT NY US,20140111,127,0,0
GHCND:USW00014732,NEW YORK LAGUARDIA AIRPORT NY US,20140112,5,0,0
GHCND:USW00014732,NEW YORK LAGUARDIA AIRPORT NY US,20140113,0,0,0
GHCND:USW00014732,NEW YORK LAGUARDIA AIRPORT NY US,20140114,97,0,0
GHCND:USW00014732,NEW YORK LAGUARDIA AIRPORT NY US,20140115,0,0,0
GHCND:USW00014732,NEW YORK LAGUARDIA AIRPORT NY US,20140116,0,0,0
GHCND:USW00014732,NEW YORK LAGUARDIA AIRPORT NY US,20140117,0,0,0
GHCND:USW00014732,NEW YORK LAGUARDIA AIRPORT NY US,20140118,38,0,0
GHCND:USW00014732,NEW YORK LAGUARDIA AIRPORT NY US,20140119,0,0,0
GHCND:USW00014732,NEW YORK LAGUARDIA AIRPORT NY US,20140120,0,0,0
GHCND:USW00014732,NEW YORK LAGUARDIA AIRPORT NY US,20140121,64,0,206
GHCND:USW00014732,NEW YORK LAGUARDIA AIRPORT NY US,20140122,0,200,0
GHCND:USW00014732,NEW YORK LAGUARDIA AIRPORT NY US,20140123,0,130,0
GHCND:USW00014732,NEW YORK LAGUARDIA AIRPORT NY US,20140124,0,100,0
GHCND:USW00014732,NEW YORK LAGUARDIA AIRPORT NY US,20140125,5,100,5
GHCND:USW00014732,NEW YORK LAGUARDIA AIRPORT NY US,20140126,0,100,3
GHCND:USW00014732,NEW YORK LAGUARDIA AIRPORT NY US,20140127,0,80,0
GHCND:USW00014732,NEW YORK LAGUARDIA AIRPORT NY US,20140128,0,30,0
GHCND:USW00014732,NEW YORK LAGUARDIA AIRPORT NY US,20140129,13,30,8
GHCND:USW00014732,NEW YORK LAGUARDIA AIRPORT NY US,20140130,0,0,0
GHCND:USW00014732,NEW YORK LAGUARDIA AIRPORT NY US,20140131,0,0,0
GHCND:USW00014732,NEW YORK LAGUARDIA AIRPORT NY US,20140201,0,0,0
GHCND:USW00014732,NEW YORK LAGUARDIA AIRPORT NY US,20140202,0,0,0
GHCND:USW00014732,NEW YORK LAGUARDIA AIRPORT NY US,20140203,274,30,196
GHCND:USW00014732,NEW YORK LAGUARDIA AIRPORT NY US,20140204,0,180,0
GHCND:USW00014732,NEW YORK LAGUARDIA AIRPORT NY US,20140205,300,200,84
GHCND:USW00014732,NEW YORK LAGUARDIA AIRPORT NY US,20140206,0,180,0
GHCND:USW00014732,NEW YORK LAGUARDIA AIRPORT NY US,20140207,0,150,0
GHCND:USW00014732,NEW YORK LAGUARDIA AIRPORT NY US,20140208,0,150,0
GHCND:USW00014732,NEW YORK LAGUARDIA AIRPORT NY US,20140209,25,150,30
GHCND:USW00014732,NEW YORK LAGUARDIA AIRPORT NY US,20140210,0,180,0
GHCND:USW00014732,NEW YORK LAGUARDIA AIRPORT NY US,20140211,0,180,0
GHCND:USW00014732,NEW YORK LAGUARDIA AIRPORT NY US,20140212,0,150,0
GHCND:USW00014732,NEW YORK LAGUARDIA AIRPORT NY US,20140213,427,230,196
GHCND:USW00014732,NEW YORK LAGUARDIA AIRPORT NY US,20140214,64,330,81
GHCND:USW00014732,NEW YORK LAGUARDIA AIRPORT NY US,20140215,25,230,76
GHCND:USW00014732,NEW YORK LAGUARDIA AIRPORT NY US,20140216,0,300,0
GHCND:USW00014732,NEW YORK LAGUARDIA AIRPORT NY US,20140217,0,280,0
GHCND:USW00014732,NEW YORK LAGUARDIA AIRPORT NY US,20140218,38,250,38
GHCND:USW00014732,NEW YORK LAGUARDIA AIRPORT NY US,20140219,64,250,0
GHCND:USW00014732,NEW YORK LAGUARDIA AIRPORT NY US,20140220,5,180,0
GHCND:USW00014732,NEW YORK LAGUARDIA AIRPORT NY US,20140221,28,130,0
GHCND:USW00014732,NEW YORK LAGUARDIA AIRPORT NY US,20140222,0,30,0
GHCND:USW00014732,NEW YORK LAGUARDIA AIRPORT NY US,20140223,0,0,0
GHCND:USW00014732,NEW YORK LAGUARDIA AIRPORT NY US,20140224,0,0,0
GHCND:USW00014732,NEW YORK LAGUARDIA AIRPORT NY US,20140225,0,0,0
GHCND:USW00014732,NEW YORK LAGUARDIA AIRPORT NY US,20140226,3,0,5
GHCND:USW00014732,NEW YORK LAGUARDIA AIRPORT NY US,20140227,0,0,0
GHCND:USW00014732,NEW YORK LAGUARDIA AIRPORT NY US,20140228,0,0,0
GHCND:USW00014732,NEW YORK LAGUARDIA AIRPORT NY US,20140301,0,0,0
GHCND:USW00014732,NEW YORK LAGUARDIA AIRPORT NY US,20140302,0,0,0
GHCND:USW00014732,NEW YORK LAGUARDIA AIRPORT NY US,20140303,3,0,10
GHCND:USW00014732,NEW YORK LAGUARDIA AIRPORT NY US,20140304,0,0,0
GHCND:USW00014732,NEW YORK LAGUARDIA AIRPORT NY US,20140305,0,0,0
GHCND:USW00014732,NEW YORK LAGUARDIA AIRPORT NY US,20140306,0,0,0
GHCND:USW00014732,NEW YORK LAGUARDIA AIRPORT NY US,20140307,0,0,0
GHCND:USW00014732,NEW YORK LAGUARDIA AIRPORT NY US,20140308,0,0,0
GHCND:USW00014732,NEW YORK LAGUARDIA AIRPORT NY US,20140309,0,0,0
GHCND:USW00014732,NEW YORK LAGUARDIA AIRPORT NY US,20140310,0,0,0
GHCND:USW00014732,NEW YORK LAGUARDIA AIRPORT NY US,20140311,0,0,0
GHCND:USW00014732,NEW YORK LAGUARDIA AIRPORT NY US,20140312,89,0,0
GHCND:USW00014732,NEW YORK LAGUARDIA AIRPORT NY US,20140313,0,0,0
GHCND:USW00014732,NEW YORK LAGUARDIA AIRPORT NY US,20140314,0,0,0
GHCND:USW00014732,NEW YORK LAGUARDIA AIRPORT NY US,20140315,0,0,0
GHCND:USW00014732,NEW YORK LAGUARDIA AIRPORT NY US,20140316,0,0,0
GHCND:USW00014732,NEW YORK LAGUARDIA AIRPORT NY US,20140317,0,0,0
GHCND:USW00014732,NEW YORK LAGUARDIA AIRPORT NY US,20140318,0,0,0
GHCND:USW00014732,NEW YORK LAGUARDIA AIRPORT NY US,20140319,251,0,0
GHCND:USW00014732,NEW YORK LAGUARDIA AIRPORT NY US,20140320,0,0,0
GHCND:USW00014732,NEW YORK LAGUARDIA AIRPORT NY US,20140321,0,0,0
GHCND:USW00014732,NEW YORK LAGUARDIA AIRPORT NY US,20140322,0,0,0
GHCND:USW00014732,NEW YORK LAGUARDIA AIRPORT NY US,20140323,0,0,0
GHCND:USW00014732,NEW YORK LAGUARDIA AIRPORT NY US,20140324,0,0,0
GHCND:USW00014732,NEW YORK LAGUARDIA AIRPORT NY US,20140325,0,0,0
GHCND:USW00014732,NEW YORK LAGUARDIA AIRPORT NY US,20140326,0,0,0
GHCND:USW00014732,NEW YORK LAGUARDIA AIRPORT NY US,20140327,0,0,0
GHCND:USW00014732,NEW YORK LAGUARDIA AIRPORT NY US,20140328,8,0,0
GHCND:USW00014732,NEW YORK LAGUARDIA AIRPORT NY US,20140329,455,0,0
GHCND:USW00014732,NEW YORK LAGUARDIA AIRPORT NY US,20140330,94,0,0
GHCND:USW00014732,NEW YORK LAGUARDIA AIRPORT NY US,20140331,30,0,0
GHCND:USW00014732,NEW YORK LAGUARDIA AIRPORT NY US,20140401,0,0,0
GHCND:USW00014732,NEW YORK LAGUARDIA AIRPORT NY US,20140402,0,0,0
GHCND:USW00014732,NEW YORK LAGUARDIA AIRPORT NY US,20140403,18,0,0
GHCND:USW00014732,NEW YORK LAGUARDIA AIRPORT NY US,20140404,48,0,0
GHCND:USW00014732,NEW YORK LAGUARDIA AIRPORT NY US,20140405,0,0,0
GHCND:USW00014732,NEW YORK LAGUARDIA AIRPORT NY US,20140406,0,0,0
GHCND:USW00014732,NEW YORK LAGUARDIA AIRPORT NY US,20140407,168,0,0
GHCND:USW00014732,NEW YORK LAGUARDIA AIRPORT NY US,20140408,86,0,0
GHCND:USW00014732,NEW YORK LAGUARDIA AIRPORT NY US,20140409,0,0,0
GHCND:USW00014732,NEW YORK LAGUARDIA AIRPORT NY US,20140410,0,0,0
GHCND:USW00014732,NEW YORK LAGUARDIA AIRPORT NY US,20140411,0,0,0
GHCND:USW00014732,NEW YORK LAGUARDIA AIRPORT NY US,20140412,0,0,0
GHCND:USW00014732,NEW YORK LAGUARDIA AIRPORT NY US,20140413,0,0,0
GHCND:USW00014732,NEW YORK LAGUARDIA AIRPORT NY US,20140414,0,0,0
GHCND:USW00014732,NEW YORK LAGUARDIA AIRPORT NY US,20140415,221,0,3
GHCND:USW00014732,NEW YORK LAGUARDIA AIRPORT NY US,20140416,13,0,5
GHCND:USW00014732,NEW YORK LAGUARDIA AIRPORT NY US,20140417,0,0,0
GHCND:USW00014732,NEW YORK LAGUARDIA AIRPORT NY US,20140418,0,0,0
GHCND:USW00014732,NEW YORK LAGUARDIA AIRPORT NY US,20140419,0,0,0
GHCND:USW00014732,NEW YORK LAGUARDIA AIRPORT NY US,20140420,0,0,0
GHCND:USW00014732,NEW YORK LAGUARDIA AIRPORT NY US,20140421,0,0,0
GHCND:USW00014732,NEW YORK LAGUARDIA AIRPORT NY US,20140422,0,0,0
GHCND:USW00014732,NEW YORK LAGUARDIA AIRPORT NY US,20140423,0,0,0
GHCND:USW00014732,NEW YORK LAGUARDIA AIRPORT NY US,20140424,0,0,0
GHCND:USW00014732,NEW YORK LAGUARDIA AIRPORT NY US,20140425,0,0,0
GHCND:USW00014732,NEW YORK LAGUARDIA AIRPORT NY US,20140426,193,0,0
GHCND:USW00014732,NEW YORK LAGUARDIA AIRPORT NY US,20140427,0,0,0
GHCND:USW00014732,NEW YORK LAGUARDIA AIRPORT NY US,20140428,0,0,0
GHCND:USW00014732,NEW YORK LAGUARDIA AIRPORT NY US,20140429,8,0,0
GHCND:USW00014732,NEW YORK LAGUARDIA AIRPORT NY US,20140430,1336,0,0
GHCND:USW00014732,NEW YORK LAGUARDIA AIRPORT NY US,20140501,38,0,0
GHCND:USW00014732,NEW YORK LAGUARDIA AIRPORT NY US,20140502,0,0,0
GHCND:USW00014732,NEW YORK LAGUARDIA AIRPORT NY US,20140503,8,0,0
GHCND:USW00014732,NEW YORK LAGUARDIA AIRPORT NY US,20140504,0,0,0
GHCND:USW00014732,NEW YORK LAGUARDIA AIRPORT NY US,20140505,0,0,0
GHCND:USW00014732,NEW YORK LAGUARDIA AIRPORT NY US,20140506,0,0,0
GHCND:USW00014732,NEW YORK LAGUARDIA AIRPORT NY US,20140507,0,0,0
GHCND:USW00014732,NEW YORK LAGUARDIA AIRPORT NY US,20140508,99,0,0
GHCND:USW00014732,NEW YORK LAGUARDIA AIRPORT NY US,20140509,5,0,0
GHCND:USW00014732,NEW YORK LAGUARDIA AIRPORT NY US,20140510,231,0,0
GHCND:USW00014732,NEW YORK LAGUARDIA AIRPORT NY US,20140511,5,0,0
GHCND:USW00014732,NEW YORK LAGUARDIA AIRPORT NY US,20140512,0,0,0
GHCND:USW00014732,NEW YORK LAGUARDIA AIRPORT NY US,20140513,0,0,0
GHCND:USW00014732,NEW YORK LAGUARDIA AIRPORT NY US,20140514,0,0,0
GHCND:USW00014732,NEW YORK LAGUARDIA AIRPORT NY US,20140515,36,0,0
GHCND:USW00014732,NEW YORK LAGUARDIA AIRPORT NY US,20140516,409,0,0
GHCND:USW00014732,NEW YORK LAGUARDIA AIRPORT NY US,20140517,0,0,0
GHCND:USW00014732,NEW YORK LAGUARDIA AIRPORT NY US,20140518,0,0,0
GHCND:USW00014732,NEW YORK LAGUARDIA AIRPORT NY US,20140519,0,0,0
GHCND:USW00014732,NEW YORK LAGUARDIA AIRPORT NY US,20140520,0,0,0
GHCND:USW00014732,NEW YORK LAGUARDIA AIRPORT NY US,20140521,0,0,0
GHCND:USW00014732,NEW YORK LAGUARDIA AIRPORT NY US,20140522,71,0,0
GHCND:USW00014732,NEW YORK LAGUARDIA AIRPORT NY US,20140523,272,0,0
GHCND:USW00014732,NEW YORK LAGUARDIA AIRPORT NY US,20140524,10,0,0
GHCND:USW00014732,NEW YORK LAGUARDIA AIRPORT NY US,20140525,0,0,0
GHCND:USW00014732,NEW YORK LAGUARDIA AIRPORT NY US,20140526,0,0,0
GHCND:USW00014732,NEW YORK LAGUARDIA AIRPORT NY US,20140527,0,0,0
GHCND:USW00014732,NEW YORK LAGUARDIA AIRPORT NY US,20140528,0,0,0
GHCND:USW00014732,NEW YORK LAGUARDIA AIRPORT NY US,20140529,0,0,0
GHCND:USW00014732,NEW YORK LAGUARDIA AIRPORT NY US,20140530,8,0,0
GHCND:USW00014732,NEW YORK LAGUARDIA AIRPORT NY US,20140531,3,0,0
GHCND:USW00014732,NEW YORK LAGUARDIA AIRPORT NY US,20140601,0,0,0
GHCND:USW00014732,NEW YORK LAGUARDIA AIRPORT NY US,20140602,0,0,0
GHCND:USW00014732,NEW YORK LAGUARDIA AIRPORT NY US,20140603,15,0,0
GHCND:USW00014732,NEW YORK LAGUARDIA AIRPORT NY US,20140604,0,0,0
GHCND:USW00014732,NEW YORK LAGUARDIA AIRPORT NY US,20140605,178,0,0
GHCND:USW00014732,NEW YORK LAGUARDIA AIRPORT NY US,20140606,0,0,0
GHCND:USW00014732,NEW YORK LAGUARDIA AIRPORT NY US,20140607,0,0,0
GHCND:USW00014732,NEW YORK LAGUARDIA AIRPORT NY US,20140608,0,0,0
GHCND:USW00014732,NEW YORK LAGUARDIA AIRPORT NY US,20140609,315,0,0
GHCND:USW00014732,NEW YORK LAGUARDIA AIRPORT NY US,20140610,0,0,0
GHCND:USW00014732,NEW YORK LAGUARDIA AIRPORT NY US,20140611,13,0,0
GHCND:USW00014732,NEW YORK LAGUARDIA AIRPORT NY US,20140612,5,0,0
GHCND:USW00014732,NEW YORK LAGUARDIA AIRPORT NY US,20140613,394,0,0
GHCND:USW00014732,NEW YORK LAGUARDIA AIRPORT NY US,20140614,0,0,0
GHCND:USW00014732,NEW YORK LAGUARDIA AIRPORT NY US,20140615,0,0,0
GHCND:USW00014732,NEW YORK LAGUARDIA AIRPORT NY US,20140616,0,0,0
GHCND:USW00014732,NEW YORK LAGUARDIA AIRPORT NY US,20140617,0,0,0
GHCND:USW00014732,NEW YORK LAGUARDIA AIRPORT NY US,20140618,0,0,0
GHCND:USW00014732,NEW YORK LAGUARDIA AIRPORT NY US,20140619,0,0,0
GHCND:USW00014732,NEW YORK LAGUARDIA AIRPORT NY US,20140620,0,0,0
GHCND:USW00014732,NEW YORK LAGUARDIA AIRPORT NY US,20140621,0,0,0
GHCND:USW00014732,NEW YORK LAGUARDIA AIRPORT NY US,20140622,0,0,0
GHCND:USW00014732,NEW YORK LAGUARDIA AIRPORT NY US,20140623,0,0,0
GHCND:USW00014732,NEW YORK LAGUARDIA AIRPORT NY US,20140624,0,0,0
GHCND:USW00014732,NEW YORK LAGUARDIA AIRPORT NY US,20140625,0,0,0
GHCND:USW00014732,NEW YORK LAGUARDIA AIRPORT NY US,20140626,18,0,0
GHCND:USW00014732,NEW YORK LAGUARDIA AIRPORT NY US,20140627,0,0,0
GHCND:USW00014732,NEW YORK LAGUARDIA AIRPORT NY US,20140628,0,0,0
GHCND:USW00014732,NEW YORK LAGUARDIA AIRPORT NY US,20140629,0,0,0
GHCND:USW00014732,NEW YORK LAGUARDIA AIRPORT NY US,20140630,0,0,0
GHCND:USW00014732,NEW YORK LAGUARDIA AIRPORT NY US,20140701,0,0,0
GHCND:USW00014732,NEW YORK LAGUARDIA AIRPORT NY US,20140702,160,0,0
GHCND:USW00014732,NEW YORK LAGUARDIA AIRPORT NY US,20140703,185,0,0
GHCND:USW00014732,NEW YORK LAGUARDIA AIRPORT NY US,20140704,41,0,0
GHCND:USW00014732,NEW YORK LAGUARDIA AIRPORT NY US,20140705,0,0,0
GHCND:USW00014732,NEW YORK LAGUARDIA AIRPORT NY US,20140706,0,0,0
GHCND:USW00014732,NEW YORK LAGUARDIA AIRPORT NY US,20140707,0,0,0
GHCND:USW00014732,NEW YORK LAGUARDIA AIRPORT NY US,20140708,46,0,0
GHCND:USW00014732,NEW YORK LAGUARDIA AIRPORT NY US,20140709,0,0,0
GHCND:USW00014732,NEW YORK LAGUARDIA AIRPORT NY US,20140710,0,0,0
GHCND:USW00014732,NEW YORK LAGUARDIA AIRPORT NY US,20140711,0,0,0
GHCND:USW00014732,NEW YORK LAGUARDIA AIRPORT NY US,20140712,0,0,0
GHCND:USW00014732,NEW YORK LAGUARDIA AIRPORT NY US,20140713,61,0,0
GHCND:USW00014732,NEW YORK LAGUARDIA AIRPORT NY US,20140714,188,0,0
GHCND:USW00014732,NEW YORK LAGUARDIA AIRPORT NY US,20140715,236,0,0
GHCND:USW00014732,NEW YORK LAGUARDIA AIRPORT NY US,20140716,0,0,0
GHCND:USW00014732,NEW YORK LAGUARDIA AIRPORT NY US,20140717,0,0,0
GHCND:USW00014732,NEW YORK LAGUARDIA AIRPORT NY US,20140718,0,0,0
GHCND:USW00014732,NEW YORK LAGUARDIA AIRPORT NY US,20140719,0,0,0
GHCND:USW00014732,NEW YORK LAGUARDIA AIRPORT NY US,20140720,0,0,0
GHCND:USW00014732,NEW YORK LAGUARDIA AIRPORT NY US,20140721,0,0,0
GHCND:USW00014732,NEW YORK LAGUARDIA AIRPORT NY US,20140722,0,0,0
GHCND:USW00014732,NEW YORK LAGUARDIA AIRPORT NY US,20140723,30,0,0
GHCND:USW00014732,NEW YORK LAGUARDIA AIRPORT NY US,20140724,0,0,0
GHCND:USW00014732,NEW YORK LAGUARDIA AIRPORT NY US,20140725,0,0,0
GHCND:USW00014732,NEW YORK LAGUARDIA AIRPORT NY US,20140726,0,0,0
GHCND:USW00014732,NEW YORK LAGUARDIA AIRPORT NY US,20140727,0,0,0
GHCND:USW00014732,NEW YORK LAGUARDIA AIRPORT NY US,20140728,66,0,0
GHCND:USW00014732,NEW YORK LAGUARDIA AIRPORT NY US,20140729,0,0,0
GHCND:USW00014732,NEW YORK LAGUARDIA AIRPORT NY US,20140730,0,0,0
GHCND:USW00014732,NEW YORK LAGUARDIA AIRPORT NY US,20140731,0,0,0
GHCND:USW00014732,NEW YORK LAGUARDIA AIRPORT NY US,20140801,0,0,0
GHCND:USW00014732,NEW YORK LAGUARDIA AIRPORT NY US,20140802,102,0,0
GHCND:USW00014732,NEW YORK LAGUARDIA AIRPORT NY US,20140803,18,0,0
GHCND:USW00014732,NEW YORK LAGUARDIA AIRPORT NY US,20140804,0,0,0
GHCND:USW00014732,NEW YORK LAGUARDIA AIRPORT NY US,20140805,0,0,0
GHCND:USW00014732,NEW YORK LAGUARDIA AIRPORT NY US,20140806,0,0,0
GHCND:USW00014732,NEW YORK LAGUARDIA AIRPORT NY US,20140807,0,0,0
GHCND:USW00014732,NEW YORK LAGUARDIA AIRPORT NY US,20140808,0,0,0
GHCND:USW00014732,NEW YORK LAGUARDIA AIRPORT NY US,20140809,0,0,0
GHCND:USW00014732,NEW YORK LAGUARDIA AIRPORT NY US,20140810,0,0,0
GHCND:USW00014732,NEW YORK LAGUARDIA AIRPORT NY US,20140811,0,0,0
GHCND:USW00014732,NEW YORK LAGUARDIA AIRPORT NY US,20140812,36,0,0
GHCND:USW00014732,NEW YORK LAGUARDIA AIRPORT NY US,20140813,198,0,0
GHCND:USW00014732,NEW YORK LAGUARDIA AIRPORT NY US,20140814,0,0,0
GHCND:USW00014732,NEW YORK LAGUARDIA AIRPORT NY US,20140815,0,0,0
GHCND:USW00014732,NEW YORK LAGUARDIA AIRPORT NY US,20140816,0,0,0
GHCND:USW00014732,NEW YORK LAGUARDIA AIRPORT NY US,20140817,3,0,0
GHCND:USW00014732,NEW YORK LAGUARDIA AIRPORT NY US,20140818,0,0,0
GHCND:USW00014732,NEW YORK LAGUARDIA AIRPORT NY US,20140819,0,0,0
GHCND:USW00014732,NEW YORK LAGUARDIA AIRPORT NY US,20140820,0,0,0
GHCND:USW00014732,NEW YORK LAGUARDIA AIRPORT NY US,20140821,315,0,0
GHCND:USW00014732,NEW YORK LAGUARDIA AIRPORT NY US,20140822,18,0,0
GHCND:USW00014732,NEW YORK LAGUARDIA AIRPORT NY US,20140823,0,0,0
GHCND:USW00014732,NEW YORK LAGUARDIA AIRPORT NY US,20140824,0,0,0
GHCND:USW00014732,NEW YORK LAGUARDIA AIRPORT NY US,20140825,0,0,0
GHCND:USW00014732,NEW YORK LAGUARDIA AIRPORT NY US,20140826,0,0,0
GHCND:USW00014732,NEW YORK LAGUARDIA AIRPORT NY US,20140827,0,0,0
GHCND:USW00014732,NEW YORK LAGUARDIA AIRPORT NY US,20140828,0,0,0
GHCND:USW00014732,NEW YORK LAGUARDIA AIRPORT NY US,20140829,0,0,0
GHCND:USW00014732,NEW YORK LAGUARDIA AIRPORT NY US,20140830,0,0,0
GHCND:USW00014732,NEW YORK LAGUARDIA AIRPORT NY US,20140831,201,0,0
GHCND:USW00014732,NEW YORK LAGUARDIA AIRPORT NY US,20140901,0,0,0
GHCND:USW00014732,NEW YORK LAGUARDIA AIRPORT NY US,20140902,0,0,0
GHCND:USW00014732,NEW YORK LAGUARDIA AIRPORT NY US,20140903,0,0,0
GHCND:USW00014732,NEW YORK LAGUARDIA AIRPORT NY US,20140904,0,0,0
GHCND:USW00014732,NEW YORK LAGUARDIA AIRPORT NY US,20140905,0,0,0
GHCND:USW00014732,NEW YORK LAGUARDIA AIRPORT NY US,20140906,53,0,0
GHCND:USW00014732,NEW YORK LAGUARDIA AIRPORT NY US,20140907,0,0,0
GHCND:USW00014732,NEW YORK LAGUARDIA AIRPORT NY US,20140908,0,0,0
GHCND:USW00014732,NEW YORK LAGUARDIA AIRPORT NY US,20140909,0,0,0
GHCND:USW00014732,NEW YORK LAGUARDIA AIRPORT NY US,20140910,0,0,0
GHCND:USW00014732,NEW YORK LAGUARDIA AIRPORT NY US,20140911,0,0,0
GHCND:USW00014732,NEW YORK LAGUARDIA AIRPORT NY US,20140912,0,0,0
GHCND:USW00014732,NEW YORK LAGUARDIA AIRPORT NY US,20140913,48,0,0
GHCND:USW00014732,NEW YORK LAGUARDIA AIRPORT NY US,20140914,0,0,0
GHCND:USW00014732,NEW YORK LAGUARDIA AIRPORT NY US,20140915,0,0,0
GHCND:USW00014732,NEW YORK LAGUARDIA AIRPORT NY US,20140916,107,0,0
GHCND:USW00014732,NEW YORK LAGUARDIA AIRPORT NY US,20140917,0,0,0
GHCND:USW00014732,NEW YORK LAGUARDIA AIRPORT NY US,20140918,0,0,0
GHCND:USW00014732,NEW YORK LAGUARDIA AIRPORT NY US,20140919,0,0,0
GHCND:USW00014732,NEW YORK LAGUARDIA AIRPORT NY US,20140920,0,0,0
GHCND:USW00014732,NEW YORK LAGUARDIA AIRPORT NY US,20140921,53,0,0
GHCND:USW00014732,NEW YORK LAGUARDIA AIRPORT NY US,20140922,0,0,0
GHCND:USW00014732,NEW YORK LAGUARDIA AIRPORT NY US,20140923,0,0,0
GHCND:USW00014732,NEW YORK LAGUARDIA AIRPORT NY US,20140924,0,0,0
GHCND:USW00014732,NEW YORK LAGUARDIA AIRPORT NY US,20140925,43,0,0
GHCND:USW00014732,NEW YORK LAGUARDIA AIRPORT NY US,20140926,0,0,0
GHCND:USW00014732,NEW YORK LAGUARDIA AIRPORT NY US,20140927,0,0,0
GHCND:USW00014732,NEW YORK LAGUARDIA AIRPORT NY US,20140928,0,0,0
GHCND:USW00014732,NEW YORK LAGUARDIA AIRPORT NY US,20140929,0,0,0
GHCND:USW00014732,NEW YORK LAGUARDIA AIRPORT NY US,20140930,10,0,0
GHCND:USW00014732,NEW YORK LAGUARDIA AIRPORT NY US,20141001,0,0,0
GHCND:USW00014732,NEW YORK LAGUARDIA AIRPORT NY US,20141002,0,0,0
GHCND:USW00014732,NEW YORK LAGUARDIA AIRPORT NY US,20141003,0,0,0
GHCND:USW00014732,NEW YORK LAGUARDIA AIRPORT NY US,20141004,267,0,0
GHCND:USW00014732,NEW YORK LAGUARDIA AIRPORT NY US,20141005,0,0,0
GHCND:USW00014732,NEW YORK LAGUARDIA AIRPORT NY US,20141006,0,0,0
GHCND:USW00014732,NEW YORK LAGUARDIA AIRPORT NY US,20141007,8,0,0
GHCND:USW00014732,NEW YORK LAGUARDIA AIRPORT NY US,20141008,8,0,0
GHCND:USW00014732,NEW YORK LAGUARDIA AIRPORT NY US,20141009,0,0,0
GHCND:USW00014732,NEW YORK LAGUARDIA AIRPORT NY US,20141010,0,0,0
GHCND:USW00014732,NEW YORK LAGUARDIA AIRPORT NY US,20141011,84,0,0
GHCND:USW00014732,NEW YORK LAGUARDIA AIRPORT NY US,20141012,0,0,0
GHCND:USW00014732,NEW YORK LAGUARDIA AIRPORT NY US,20141013,8,0,0
GHCND:USW00014732,NEW YORK LAGUARDIA AIRPORT NY US,20141014,0,0,0
GHCND:USW00014732,NEW YORK LAGUARDIA AIRPORT NY US,20141015,8,0,0
GHCND:USW00014732,NEW YORK LAGUARDIA AIRPORT NY US,20141016,196,0,0
GHCND:USW00014732,NEW YORK LAGUARDIA AIRPORT NY US,20141017,0,0,0
GHCND:USW00014732,NEW YORK LAGUARDIA AIRPORT NY US,20141018,0,0,0
GHCND:USW00014732,NEW YORK LAGUARDIA AIRPORT NY US,20141019,0,0,0
GHCND:USW00014732,NEW YORK LAGUARDIA AIRPORT NY US,20141020,0,0,0
GHCND:USW00014732,NEW YORK LAGUARDIA AIRPORT NY US,20141021,0,0,0
GHCND:USW00014732,NEW YORK LAGUARDIA AIRPORT NY US,20141022,320,0,0
GHCND:USW00014732,NEW YORK LAGUARDIA AIRPORT NY US,20141023,81,0,0
GHCND:USW00014732,NEW YORK LAGUARDIA AIRPORT NY US,20141024,0,0,0
GHCND:USW00014732,NEW YORK LAGUARDIA AIRPORT NY US,20141025,0,0,0
GHCND:USW00014732,NEW YORK LAGUARDIA AIRPORT NY US,20141026,0,0,0
GHCND:USW00014732,NEW YORK LAGUARDIA AIRPORT NY US,20141027,0,0,0
GHCND:USW00014732,NEW YORK LAGUARDIA AIRPORT NY US,20141028,0,0,0
GHCND:USW00014732,NEW YORK LAGUARDIA AIRPORT NY US,20141029,0,0,0
GHCND:USW00014732,NEW YORK LAGUARDIA AIRPORT NY US,20141030,0,0,0
GHCND:USW00014732,NEW YORK LAGUARDIA AIRPORT NY US,20141031,10,0,0
GHCND:USW00014732,NEW YORK LAGUARDIA AIRPORT NY US,20141101,46,0,0
GHCND:USW00014732,NEW YORK LAGUARDIA AIRPORT NY US,20141102,0,0,0
GHCND:USW00014732,NEW YORK LAGUARDIA AIRPORT NY US,20141103,0,0,0
GHCND:USW00014732,NEW YORK LAGUARDIA AIRPORT NY US,20141104,0,0,0
GHCND:USW00014732,NEW YORK LAGUARDIA AIRPORT NY US,20141105,0,0,0
GHCND:USW00014732,NEW YORK LAGUARDIA AIRPORT NY US,20141106,86,0,0
GHCND:USW00014732,NEW YORK LAGUARDIA AIRPORT NY US,20141107,0,0,0
GHCND:USW00014732,NEW YORK LAGUARDIA AIRPORT NY US,20141108,0,0,0
GHCND:USW00014732,NEW YORK LAGUARDIA AIRPORT NY US,20141109,0,0,0
GHCND:USW00014732,NEW YORK LAGUARDIA AIRPORT NY US,20141110,0,0,0
GHCND:USW00014732,NEW YORK LAGUARDIA AIRPORT NY US,20141111,0,0,0
GHCND:USW00014732,NEW YORK LAGUARDIA AIRPORT NY US,20141112,0,0,0
GHCND:USW00014732,NEW YORK LAGUARDIA AIRPORT NY US,20141113,43,0,0
GHCND:USW00014732,NEW YORK LAGUARDIA AIRPORT NY US,20141114,8,0,0
GHCND:USW00014732,NEW YORK LAGUARDIA AIRPORT NY US,20141115,0,0,0
GHCND:USW00014732,NEW YORK LAGUARDIA AIRPORT NY US,20141116,5,0,0
GHCND:USW00014732,NEW YORK LAGUARDIA AIRPORT NY US,20141117,378,0,0
GHCND:USW00014732,NEW YORK LAGUARDIA AIRPORT NY US,20141118,0,0,0
GHCND:USW00014732,NEW YORK LAGUARDIA AIRPORT NY US,20141119,0,0,0
GHCND:USW00014732,NEW YORK LAGUARDIA AIRPORT NY US,20141120,0,0,0
GHCND:USW00014732,NEW YORK LAGUARDIA AIRPORT NY US,20141121,0,0,0
GHCND:USW00014732,NEW YORK LAGUARDIA AIRPORT NY US,20141122,0,0,0
GHCND:USW00014732,NEW YORK LAGUARDIA AIRPORT NY US,20141123,0,0,0
GHCND:USW00014732,NEW YORK LAGUARDIA AIRPORT NY US,20141124,155,0,0
GHCND:USW00014732,NEW YORK LAGUARDIA AIRPORT NY US,20141125,0,0,0
GHCND:USW00014732,NEW YORK LAGUARDIA AIRPORT NY US,20141126,272,0,10
GHCND:USW00014732,NEW YORK LAGUARDIA AIRPORT NY US,20141127,3,0,0
GHCND:USW00014732,NEW YORK LAGUARDIA AIRPORT NY US,20141128,0,0,0
GHCND:USW00014732,NEW YORK LAGUARDIA AIRPORT NY US,20141129,0,0,0
GHCND:USW00014732,NEW YORK LAGUARDIA AIRPORT NY US,20141130,0,0,0
GHCND:USW00014732,NEW YORK LAGUARDIA AIRPORT NY US,20141201,13,0,0
GHCND:USW00014732,NEW YORK LAGUARDIA AIRPORT NY US,20141202,28,0,0
GHCND:USW00014732,NEW YORK LAGUARDIA AIRPORT NY US,20141203,25,0,0
GHCND:USW00014732,NEW YORK LAGUARDIA AIRPORT NY US,20141204,0,0,0
GHCND:USW00014732,NEW YORK LAGUARDIA AIRPORT NY US,20141205,132,0,0
GHCND:USW00014732,NEW YORK LAGUARDIA AIRPORT NY US,20141206,328,0,0
GHCND:USW00014732,NEW YORK LAGUARDIA AIRPORT NY US,20141207,8,0,0
GHCND:USW00014732,NEW YORK LAGUARDIA AIRPORT NY US,20141208,0,0,0
GHCND:USW00014732,NEW YORK LAGUARDIA AIRPORT NY US,20141209,681,0,0
GHCND:USW00014732,NEW YORK LAGUARDIA AIRPORT NY US,20141210,36,0,25
GHCND:USW00014732,NEW YORK LAGUARDIA AIRPORT NY US,20141211,8,30,8
GHCND:USW00014732,NEW YORK LAGUARDIA AIRPORT NY US,20141212,0,0,0
GHCND:USW00014732,NEW YORK LAGUARDIA AIRPORT NY US,20141213,0,0,0
GHCND:USW00014732,NEW YORK LAGUARDIA AIRPORT NY US,20141214,0,0,0
GHCND:USW00014732,NEW YORK LAGUARDIA AIRPORT NY US,20141215,0,0,0
GHCND:USW00014732,NEW YORK LAGUARDIA AIRPORT NY US,20141216,41,0,0
GHCND:USW00014732,NEW YORK LAGUARDIA AIRPORT NY US,20141217,8,0,0
GHCND:USW00014732,NEW YORK LAGUARDIA AIRPORT NY US,20141218,0,0,0
GHCND:USW00014732,NEW YORK LAGUARDIA AIRPORT NY US,20141219,0,0,0
GHCND:USW00014732,NEW YORK LAGUARDIA AIRPORT NY US,20141220,0,0,0
GHCND:USW00014732,NEW YORK LAGUARDIA AIRPORT NY US,20141221,0,0,0
GHCND:USW00014732,NEW YORK LAGUARDIA AIRPORT NY US,20141222,10,0,0
GHCND:USW00014732,NEW YORK LAGUARDIA AIRPORT NY US,20141223,46,0,0
GHCND:USW00014732,NEW YORK LAGUARDIA AIRPORT NY US,20141224,170,0,0
GHCND:USW00014732,NEW YORK LAGUARDIA AIRPORT NY US,20141225,18,0,0
GHCND:USW00014732,NEW YORK LAGUARDIA AIRPORT NY US,20141226,0,0,0
GHCND:USW00014732,NEW YORK LAGUARDIA AIRPORT NY US,20141227,0,0,0
GHCND:USW00014732,NEW YORK LAGUARDIA AIRPORT NY US,20141228,25,0,0
GHCND:USW00014732,NEW YORK LAGUARDIA AIRPORT NY US,20141229,0,0,0
GHCND:USW00014732,NEW YORK LAGUARDIA AIRPORT NY US,20141230,0,0,0
GHCND:USW00014732,NEW YORK LAGUARDIA AIRPORT NY US,20141231,0,0,0
GHCND:USW00014732,NEW YORK LAGUARDIA AIRPORT NY US,20150101,0,0,0
GHCND:USW00014732,NEW YORK LAGUARDIA AIRPORT NY US,20150102,0,0,0
GHCND:USW00014732,NEW YORK LAGUARDIA AIRPORT NY US,20150103,170,0,0
GHCND:USW00014732,NEW YORK LAGUARDIA AIRPORT NY US,20150104,79,0,0
GHCND:USW00014732,NEW YORK LAGUARDIA AIRPORT NY US,20150105,0,0,0
GHCND:USW00014732,NEW YORK LAGUARDIA AIRPORT NY US,20150106,13,0,25
GHCND:USW00014732,NEW YORK LAGUARDIA AIRPORT NY US,20150107,0,30,0
GHCND:USW00014732,NEW YORK LAGUARDIA AIRPORT NY US,20150108,0,0,0
GHCND:USW00014732,NEW YORK LAGUARDIA AIRPORT NY US,20150109,30,0,46
GHCND:USW00014732,NEW YORK LAGUARDIA AIRPORT NY US,20150110,0,30,0
GHCND:USW00014732,NEW YORK LAGUARDIA AIRPORT NY US,20150111,0,0,0
GHCND:USW00014732,NEW YORK LAGUARDIA AIRPORT NY US,20150112,99,0,0
GHCND:USW00014732,NEW YORK LAGUARDIA AIRPORT NY US,20150113,0,0,0
GHCND:USW00014732,NEW YORK LAGUARDIA AIRPORT NY US,20150114,0,0,0
GHCND:USW00014732,NEW YORK LAGUARDIA AIRPORT NY US,20150115,0,0,0
GHCND:USW00014732,NEW YORK LAGUARDIA AIRPORT NY US,20150116,0,0,0
GHCND:USW00014732,NEW YORK LAGUARDIA AIRPORT NY US,20150117,0,0,0
GHCND:USW00014732,NEW YORK LAGUARDIA AIRPORT NY US,20150118,503,0,0
GHCND:USW00014732,NEW YORK LAGUARDIA AIRPORT NY US,20150119,0,0,0
GHCND:USW00014732,NEW YORK LAGUARDIA AIRPORT NY US,20150120,0,0,0
GHCND:USW00014732,NEW YORK LAGUARDIA AIRPORT NY US,20150121,0,0,0
GHCND:USW00014732,NEW YORK LAGUARDIA AIRPORT NY US,20150122,0,0,0
GHCND:USW00014732,NEW YORK LAGUARDIA AIRPORT NY US,20150123,0,0,0
GHCND:USW00014732,NEW YORK LAGUARDIA AIRPORT NY US,20150124,185,80,104
GHCND:USW00014732,NEW YORK LAGUARDIA AIRPORT NY US,20150125,0,30,0
GHCND:USW00014732,NEW YORK LAGUARDIA AIRPORT NY US,20150126,76,30,152
GHCND:USW00014732,NEW YORK LAGUARDIA AIRPORT NY US,20150127,64,230,127
GHCND:USW00014732,NEW YORK LAGUARDIA AIRPORT NY US,20150128,0,200,0
GHCND:USW00014732,NEW YORK LAGUARDIA AIRPORT NY US,20150129,8,150,8
GHCND:USW00014732,NEW YORK LAGUARDIA AIRPORT NY US,20150130,38,180,38
GHCND:USW00014732,NEW YORK LAGUARDIA AIRPORT NY US,20150131,0,150,0
GHCND:USW00014732,NEW YORK LAGUARDIA AIRPORT NY US,20150201,10,130,10
GHCND:USW00014732,NEW YORK LAGUARDIA AIRPORT NY US,20150202,274,230,155
GHCND:USW00014732,NEW YORK LAGUARDIA AIRPORT NY US,20150203,0,230,0
GHCND:USW00014732,NEW YORK LAGUARDIA AIRPORT NY US,20150204,0,230,0
GHCND:USW00014732,NEW YORK LAGUARDIA AIRPORT NY US,20150205,0,150,0
GHCND:USW00014732,NEW YORK LAGUARDIA AIRPORT NY US,20150206,0,150,0
GHCND:USW00014732,NEW YORK LAGUARDIA AIRPORT NY US,20150207,3,130,5
GHCND:USW00014732,NEW YORK LAGUARDIA AIRPORT NY US,20150208,0,100,0
GHCND:USW00014732,NEW YORK LAGUARDIA AIRPORT NY US,20150209,18,80,5
GHCND:USW00014732,NEW YORK LAGUARDIA AIRPORT NY US,20150210,0,100,0
GHCND:USW00014732,NEW YORK LAGUARDIA AIRPORT NY US,20150211,0,100,0
GHCND:USW00014732,NEW YORK LAGUARDIA AIRPORT NY US,20150212,0,100,0
GHCND:USW00014732,NEW YORK LAGUARDIA AIRPORT NY US,20150213,0,100,0
GHCND:USW00014732,NEW YORK LAGUARDIA AIRPORT NY US,20150214,13,100,15
GHCND:USW00014732,NEW YORK LAGUARDIA AIRPORT NY US,20150215,3,130,5
GHCND:USW00014732,NEW YORK LAGUARDIA AIRPORT NY US,20150216,0,130,0
GHCND:USW00014732,NEW YORK LAGUARDIA AIRPORT NY US,20150217,33,200,81
GHCND:USW00014732,NEW YORK LAGUARDIA AIRPORT NY US,20150218,0,180,3
GHCND:USW00014732,NEW YORK LAGUARDIA AIRPORT NY US,20150219,0,130,0
GHCND:USW00014732,NEW YORK LAGUARDIA AIRPORT NY US,20150220,0,130,0
GHCND:USW00014732,NEW YORK LAGUARDIA AIRPORT NY US,20150221,152,130,91
GHCND:USW00014732,NEW YORK LAGUARDIA AIRPORT NY US,20150222,28,200,13
GHCND:USW00014732,NEW YORK LAGUARDIA AIRPORT NY US,20150223,0,150,0
GHCND:USW00014732,NEW YORK LAGUARDIA AIRPORT NY US,20150224,0,150,0
GHCND:USW00014732,NEW YORK LAGUARDIA AIRPORT NY US,20150225,0,150,0
GHCND:USW00014732,NEW YORK LAGUARDIA AIRPORT NY US,20150226,0,130,0
GHCND:USW00014732,NEW YORK LAGUARDIA AIRPORT NY US,20150227,0,130,0
GHCND:USW00014732,NEW YORK LAGUARDIA AIRPORT NY US,20150228,0,130,0
GHCND:USW00014732,NEW YORK LAGUARDIA AIRPORT NY US,20150301,122,80,89
GHCND:USW00014732,NEW YORK LAGUARDIA AIRPORT NY US,20150302,0,150,0
GHCND:USW00014732,NEW YORK LAGUARDIA AIRPORT NY US,20150303,183,130,25
GHCND:USW00014732,NEW YORK LAGUARDIA AIRPORT NY US,20150304,64,100,0
GHCND:USW00014732,NEW YORK LAGUARDIA AIRPORT NY US,20150305,152,80,206
GHCND:USW00014732,NEW YORK LAGUARDIA AIRPORT NY US,20150306,0,280,0
GHCND:USW00014732,NEW YORK LAGUARDIA AIRPORT NY US,20150307,0,150,0
GHCND:USW00014732,NEW YORK LAGUARDIA AIRPORT NY US,20150308,0,130,0
GHCND:USW00014732,NEW YORK LAGUARDIA AIRPORT NY US,20150309,5,80,0
GHCND:USW00014732,NEW YORK LAGUARDIA AIRPORT NY US,20150310,107,30,0
GHCND:USW00014732,NEW YORK LAGUARDIA AIRPORT NY US,20150311,5,0,0
GHCND:USW00014732,NEW YORK LAGUARDIA AIRPORT NY US,20150312,0,0,0
GHCND:USW00014732,NEW YORK LAGUARDIA AIRPORT NY US,20150313,0,0,0
GHCND:USW00014732,NEW YORK LAGUARDIA AIRPORT NY US,20150314,259,0,0
GHCND:USW00014732,NEW YORK LAGUARDIA AIRPORT NY US,20150315,0,0,0
GHCND:USW00014732,NEW YORK LAGUARDIA AIRPORT NY US,20150316,0,0,0
GHCND:USW00014732,NEW YORK LAGUARDIA AIRPORT NY US,20150317,3,0,0
GHCND:USW00014732,NEW YORK LAGUARDIA AIRPORT NY US,20150318,0,0,0
GHCND:USW00014732,NEW YORK LAGUARDIA AIRPORT NY US,20150319,0,0,0
GHCND:USW00014732,NEW YORK LAGUARDIA AIRPORT NY US,20150320,71,0,117
GHCND:USW00014732,NEW YORK LAGUARDIA AIRPORT NY US,20150321,3,100,3
GHCND:USW00014732,NEW YORK LAGUARDIA AIRPORT NY US,20150322,0,0,0
GHCND:USW00014732,NEW YORK LAGUARDIA AIRPORT NY US,20150323,0,0,0
GHCND:USW00014732,NEW YORK LAGUARDIA AIRPORT NY US,20150324,0,0,0
GHCND:USW00014732,NEW YORK LAGUARDIA AIRPORT NY US,20150325,13,0,0
GHCND:USW00014732,NEW YORK LAGUARDIA AIRPORT NY US,20150326,61,0,0
GHCND:USW00014732,NEW YORK LAGUARDIA AIRPORT NY US,20150327,71,0,0
GHCND:USW00014732,NEW YORK LAGUARDIA AIRPORT NY US,20150328,0,0,0
GHCND:USW00014732,NEW YORK LAGUARDIA AIRPORT NY US,20150329,0,0,0
GHCND:USW00014732,NEW YORK LAGUARDIA AIRPORT NY US,20150330,0,0,0
GHCND:USW00014732,NEW YORK LAGUARDIA AIRPORT NY US,20150331,36,0,0
GHCND:USW00014732,NEW YORK LAGUARDIA AIRPORT NY US,20150401,0,0,0
GHCND:USW00014732,NEW YORK LAGUARDIA AIRPORT NY US,20150402,0,0,0
GHCND:USW00014732,NEW YORK LAGUARDIA AIRPORT NY US,20150403,10,0,0
GHCND:USW00014732,NEW YORK LAGUARDIA AIRPORT NY US,20150404,0,0,0
GHCND:USW00014732,NEW YORK LAGUARDIA AIRPORT NY US,20150405,0,0,0
GHCND:USW00014732,NEW YORK LAGUARDIA AIRPORT NY US,20150406,0,0,0
GHCND:USW00014732,NEW YORK LAGUARDIA AIRPORT NY US,20150407,43,0,0
GHCND:USW00014732,NEW YORK LAGUARDIA AIRPORT NY US,20150408,0,0,0
GHCND:USW00014732,NEW YORK LAGUARDIA AIRPORT NY US,20150409,3,0,0
GHCND:USW00014732,NEW YORK LAGUARDIA AIRPORT NY US,20150410,61,0,0
GHCND:USW00014732,NEW YORK LAGUARDIA AIRPORT NY US,20150411,0,0,0
GHCND:USW00014732,NEW YORK LAGUARDIA AIRPORT NY US,20150412,0,0,0
GHCND:USW00014732,NEW YORK LAGUARDIA AIRPORT NY US,20150413,0,0,0
GHCND:USW00014732,NEW YORK LAGUARDIA AIRPORT NY US,20150414,0,0,0
GHCND:USW00014732,NEW YORK LAGUARDIA AIRPORT NY US,20150415,0,0,0
GHCND:USW00014732,NEW YORK LAGUARDIA AIRPORT NY US,20150416,0,0,0
GHCND:USW00014732,NEW YORK LAGUARDIA AIRPORT NY US,20150417,20,0,0
GHCND:USW00014732,NEW YORK LAGUARDIA AIRPORT NY US,20150418,0,0,0
GHCND:USW00014732,NEW YORK LAGUARDIA AIRPORT NY US,20150419,0,0,0
GHCND:USW00014732,NEW YORK LAGUARDIA AIRPORT NY US,20150420,241,0,0
GHCND:USW00014732,NEW YORK LAGUARDIA AIRPORT NY US,20150421,58,0,0
GHCND:USW00014732,NEW YORK LAGUARDIA AIRPORT NY US,20150422,25,0,0
GHCND:USW00014732,NEW YORK LAGUARDIA AIRPORT NY US,20150423,0,0,0
GHCND:USW00014732,NEW YORK LAGUARDIA AIRPORT NY US,20150424,0,0,0
GHCND:USW00014732,NEW YORK LAGUARDIA AIRPORT NY US,20150425,0,0,0
GHCND:USW00014732,NEW YORK LAGUARDIA AIRPORT NY US,20150426,0,0,0
GHCND:USW00014732,NEW YORK LAGUARDIA AIRPORT NY US,20150427,0,0,0
GHCND:USW00014732,NEW YORK LAGUARDIA AIRPORT NY US,20150428,0,0,0
GHCND:USW00014732,NEW YORK LAGUARDIA AIRPORT NY US,20150429,0,0,0
GHCND:USW00014732,NEW YORK LAGUARDIA AIRPORT NY US,20150430,0,0,0
GHCND:USW00014732,NEW YORK LAGUARDIA AIRPORT NY US,20150501,0,0,0
GHCND:USW00014732,NEW YORK LAGUARDIA AIRPORT NY US,20150502,0,0,0
GHCND:USW00014732,NEW YORK LAGUARDIA AIRPORT NY US,20150503,0,0,0
GHCND:USW00014732,NEW YORK LAGUARDIA AIRPORT NY US,20150504,0,0,0
GHCND:USW00014732,NEW YORK LAGUARDIA AIRPORT NY US,20150505,0,0,0
GHCND:USW00014732,NEW YORK LAGUARDIA AIRPORT NY US,20150506,0,0,0
GHCND:USW00014732,NEW YORK LAGUARDIA AIRPORT NY US,20150507,0,0,0
GHCND:USW00014732,NEW YORK LAGUARDIA AIRPORT NY US,20150508,0,0,0
GHCND:USW00014732,NEW YORK LAGUARDIA AIRPORT NY US,20150509,3,0,0
GHCND:USW00014732,NEW YORK LAGUARDIA AIRPORT NY US,20150510,0,0,0
GHCND:USW00014732,NEW YORK LAGUARDIA AIRPORT NY US,20150511,0,0,0
GHCND:USW00014732,NEW YORK LAGUARDIA AIRPORT NY US,20150512,0,0,0
GHCND:USW00014732,NEW YORK LAGUARDIA AIRPORT NY US,20150513,0,0,0
GHCND:USW00014732,NEW YORK LAGUARDIA AIRPORT NY US,20150514,0,0,0
GHCND:USW00014732,NEW YORK LAGUARDIA AIRPORT NY US,20150515,0,0,0
GHCND:USW00014732,NEW YORK LAGUARDIA AIRPORT NY US,20150516,69,0,0
GHCND:USW00014732,NEW YORK LAGUARDIA AIRPORT NY US,20150517,5,0,0
GHCND:USW00014732,NEW YORK LAGUARDIA AIRPORT NY US,20150518,0,0,0
GHCND:USW00014732,NEW YORK LAGUARDIA AIRPORT NY US,20150519,3,0,0
GHCND:USW00014732,NEW YORK LAGUARDIA AIRPORT NY US,20150520,0,0,0
GHCND:USW00014732,NEW YORK LAGUARDIA AIRPORT NY US,20150521,0,0,0
GHCND:USW00014732,NEW YORK LAGUARDIA AIRPORT NY US,20150522,0,0,0
GHCND:USW00014732,NEW YORK LAGUARDIA AIRPORT NY US,20150523,0,0,0
GHCND:USW00014732,NEW YORK LAGUARDIA AIRPORT NY US,20150524,0,0,0
GHCND:USW00014732,NEW YORK LAGUARDIA AIRPORT NY US,20150525,0,0,0
GHCND:USW00014732,NEW YORK LAGUARDIA AIRPORT NY US,20150526,0,0,0
GHCND:USW00014732,NEW YORK LAGUARDIA AIRPORT NY US,20150527,5,0,0
GHCND:USW00014732,NEW YORK LAGUARDIA AIRPORT NY US,20150528,0,0,0
GHCND:USW00014732,NEW YORK LAGUARDIA AIRPORT NY US,20150529,0,0,0
GHCND:USW00014732,NEW YORK LAGUARDIA AIRPORT NY US,20150530,0,0,0
GHCND:USW00014732,NEW YORK LAGUARDIA AIRPORT NY US,20150531,325,0,0
GHCND:USW00014732,NEW YORK LAGUARDIA AIRPORT NY US,20150601,196,0,0
GHCND:USW00014732,NEW YORK LAGUARDIA AIRPORT NY US,20150602,89,0,0
GHCND:USW00014732,NEW YORK LAGUARDIA AIRPORT NY US,20150603,0,0,0
GHCND:USW00014732,NEW YORK LAGUARDIA AIRPORT NY US,20150604,0,0,0
GHCND:USW00014732,NEW YORK LAGUARDIA AIRPORT NY US,20150605,0,0,0
GHCND:USW00014732,NEW YORK LAGUARDIA AIRPORT NY US,20150606,140,0,0
GHCND:USW00014732,NEW YORK LAGUARDIA AIRPORT NY US,20150607,0,0,0
GHCND:USW00014732,NEW YORK LAGUARDIA AIRPORT NY US,20150608,10,0,0
GHCND:USW00014732,NEW YORK LAGUARDIA AIRPORT NY US,20150609,3,0,0
GHCND:USW00014732,NEW YORK LAGUARDIA AIRPORT NY US,20150610,0,0,0
GHCND:USW00014732,NEW YORK LAGUARDIA AIRPORT NY US,20150611,0,0,0
GHCND:USW00014732,NEW YORK LAGUARDIA AIRPORT NY US,20150612,0,0,0
GHCND:USW00014732,NEW YORK LAGUARDIA AIRPORT NY US,20150613,0,0,0
GHCND:USW00014732,NEW YORK LAGUARDIA AIRPORT NY US,20150614,66,0,0
GHCND:USW00014732,NEW YORK LAGUARDIA AIRPORT NY US,20150615,140,0,0
GHCND:USW00014732,NEW YORK LAGUARDIA AIRPORT NY US,20150616,86,0,0
GHCND:USW00014732,NEW YORK LAGUARDIA AIRPORT NY US,20150617,0,0,0
GHCND:USW00014732,NEW YORK LAGUARDIA AIRPORT NY US,20150618,0,0,0
GHCND:USW00014732,NEW YORK LAGUARDIA AIRPORT NY US,20150619,0,0,0
GHCND:USW00014732,NEW YORK LAGUARDIA AIRPORT NY US,20150620,0,0,0
GHCND:USW00014732,NEW YORK LAGUARDIA AIRPORT NY US,20150621,137,0,0
GHCND:USW00014732,NEW YORK LAGUARDIA AIRPORT NY US,20150622,0,0,0
GHCND:USW00014732,NEW YORK LAGUARDIA AIRPORT NY US,20150623,18,0,0
GHCND:USW00014732,NEW YORK LAGUARDIA AIRPORT NY US,20150624,0,0,0
GHCND:USW00014732,NEW YORK LAGUARDIA AIRPORT NY US,20150625,0,0,0
GHCND:USW00014732,NEW YORK LAGUARDIA AIRPORT NY US,20150626,0,0,0
GHCND:USW00014732,NEW YORK LAGUARDIA AIRPORT NY US,20150627,269,0,0
GHCND:USW00014732,NEW YORK LAGUARDIA AIRPORT NY US,20150628,66,0,0
GHCND:USW00014732,NEW YORK LAGUARDIA AIRPORT NY US,20150629,0,0,0
GHCND:USW00014732,NEW YORK LAGUARDIA AIRPORT NY US,20150630,0,0,0
GHCND:USW00014732,NEW YORK LAGUARDIA AIRPORT NY US,20150701,89,0,0
GHCND:USW00014732,NEW YORK LAGUARDIA AIRPORT NY US,20150702,0,0,0
GHCND:USW00014732,NEW YORK LAGUARDIA AIRPORT NY US,20150703,0,0,0
GHCND:USW00014732,NEW YORK LAGUARDIA AIRPORT NY US,20150704,0,0,0
GHCND:USW00014732,NEW YORK LAGUARDIA AIRPORT NY US,20150705,0,0,0
GHCND:USW00014732,NEW YORK LAGUARDIA AIRPORT NY US,20150706,0,0,0
GHCND:USW00014732,NEW YORK LAGUARDIA AIRPORT NY US,20150707,0,0,0
GHCND:USW00014732,NEW YORK LAGUARDIA AIRPORT NY US,20150708,23,0,0
GHCND:USW00014732,NEW YORK LAGUARDIA AIRPORT NY US,20150709,74,0,0
GHCND:USW00014732,NEW YORK LAGUARDIA AIRPORT NY US,20150710,0,0,0
GHCND:USW00014732,NEW YORK LAGUARDIA AIRPORT NY US,20150711,0,0,0
GHCND:USW00014732,NEW YORK LAGUARDIA AIRPORT NY US,20150712,0,0,0
GHCND:USW00014732,NEW YORK LAGUARDIA AIRPORT NY US,20150713,0,0,0
GHCND:USW00014732,NEW YORK LAGUARDIA AIRPORT NY US,20150714,241,0,0
GHCND:USW00014732,NEW YORK LAGUARDIA AIRPORT NY US,20150715,3,0,0
GHCND:USW00014732,NEW YORK LAGUARDIA AIRPORT NY US,20150716,0,0,0
GHCND:USW00014732,NEW YORK LAGUARDIA AIRPORT NY US,20150717,0,0,0
GHCND:USW00014732,NEW YORK LAGUARDIA AIRPORT NY US,20150718,46,0,0
GHCND:USW00014732,NEW YORK LAGUARDIA AIRPORT NY US,20150719,0,0,0
GHCND:USW00014732,NEW YORK LAGUARDIA AIRPORT NY US,20150720,0,0,0
GHCND:USW00014732,NEW YORK LAGUARDIA AIRPORT NY US,20150721,0,0,0
GHCND:USW00014732,NEW YORK LAGUARDIA AIRPORT NY US,20150722,0,0,0
GHCND:USW00014732,NEW YORK LAGUARDIA AIRPORT NY US,20150723,0,0,0
GHCND:USW00014732,NEW YORK LAGUARDIA AIRPORT NY US,20150724,0,0,0
GHCND:USW00014732,NEW YORK LAGUARDIA AIRPORT NY US,20150725,0,0,0
GHCND:USW00014732,NEW YORK LAGUARDIA AIRPORT NY US,20150726,13,0,0
GHCND:USW00014732,NEW YORK LAGUARDIA AIRPORT NY US,20150727,0,0,0
GHCND:USW00014732,NEW YORK LAGUARDIA AIRPORT NY US,20150728,0,0,0
GHCND:USW00014732,NEW YORK LAGUARDIA AIRPORT NY US,20150729,0,0,0
GHCND:USW00014732,NEW YORK LAGUARDIA AIRPORT NY US,20150730,411,0,0
GHCND:USW00014732,NEW YORK LAGUARDIA AIRPORT NY US,20150731,0,0,0
GHCND:USW00014732,NEW YORK LAGUARDIA AIRPORT NY US,20150801,0,0,0
GHCND:USW00014732,NEW YORK LAGUARDIA AIRPORT NY US,20150802,0,0,0
GHCND:USW00014732,NEW YORK LAGUARDIA AIRPORT NY US,20150803,0,0,0
GHCND:USW00014732,NEW YORK LAGUARDIA AIRPORT NY US,20150804,76,0,0
GHCND:USW00014732,NEW YORK LAGUARDIA AIRPORT NY US,20150805,0,0,0
GHCND:USW00014732,NEW YORK LAGUARDIA AIRPORT NY US,20150806,0,0,0
GHCND:USW00014732,NEW YORK LAGUARDIA AIRPORT NY US,20150807,0,0,0
GHCND:USW00014732,NEW YORK LAGUARDIA AIRPORT NY US,20150808,0,0,0
GHCND:USW00014732,NEW YORK LAGUARDIA AIRPORT NY US,20150809,0,0,0
GHCND:USW00014732,NEW YORK LAGUARDIA AIRPORT NY US,20150810,0,0,0
GHCND:USW00014732,NEW YORK LAGUARDIA AIRPORT NY US,20150811,300,0,0
GHCND:USW00014732,NEW YORK LAGUARDIA AIRPORT NY US,20150812,0,0,0
GHCND:USW00014732,NEW YORK LAGUARDIA AIRPORT NY US,20150813,0,0,0
GHCND:USW00014732,NEW YORK LAGUARDIA AIRPORT NY US,20150814,0,0,0
GHCND:USW00014732,NEW YORK LAGUARDIA AIRPORT NY US,20150815,0,0,0
GHCND:USW00014732,NEW YORK LAGUARDIA AIRPORT NY US,20150816,0,0,0
GHCND:USW00014732,NEW YORK LAGUARDIA AIRPORT NY US,20150817,0,0,0
GHCND:USW00014732,NEW YORK LAGUARDIA AIRPORT NY US,20150818,0,0,0
GHCND:USW00014732,NEW YORK LAGUARDIA AIRPORT NY US,20150819,0,0,0
GHCND:USW00014732,NEW YORK LAGUARDIA AIRPORT NY US,20150820,0,0,0
GHCND:USW00014732,NEW YORK LAGUARDIA AIRPORT NY US,20150821,81,0,0
GHCND:USW00014732,NEW YORK LAGUARDIA AIRPORT NY US,20150822,0,0,0
GHCND:USW00014732,NEW YORK LAGUARDIA AIRPORT NY US,20150823,0,0,0
GHCND:USW00014732,NEW YORK LAGUARDIA AIRPORT NY US,20150824,0,0,0
GHCND:USW00014732,NEW YORK LAGUARDIA AIRPORT NY US,20150825,0,0,0
GHCND:USW00014732,NEW YORK LAGUARDIA AIRPORT NY US,20150826,0,0,0
GHCND:USW00014732,NEW YORK LAGUARDIA AIRPORT NY US,20150827,0,0,0
GHCND:USW00014732,NEW YORK LAGUARDIA AIRPORT NY US,20150828,0,0,0
GHCND:USW00014732,NEW YORK LAGUARDIA AIRPORT NY US,20150829,0,0,0
GHCND:USW00014732,NEW YORK LAGUARDIA AIRPORT NY US,20150830,20,0,0
GHCND:USW00014732,NEW YORK LAGUARDIA AIRPORT NY US,20150831,0,0,0
GHCND:USW00014732,NEW YORK LAGUARDIA AIRPORT NY US,20150901,0,0,0
GHCND:USW00014732,NEW YORK LAGUARDIA AIRPORT NY US,20150902,0,0,0
GHCND:USW00014732,NEW YORK LAGUARDIA AIRPORT NY US,20150903,0,0,0
GHCND:USW00014732,NEW YORK LAGUARDIA AIRPORT NY US,20150904,0,0,0
GHCND:USW00014732,NEW YORK LAGUARDIA AIRPORT NY US,20150905,0,0,0
GHCND:USW00014732,NEW YORK LAGUARDIA AIRPORT NY US,20150906,0,0,0
GHCND:USW00014732,NEW YORK LAGUARDIA AIRPORT NY US,20150907,0,0,0
GHCND:USW00014732,NEW YORK LAGUARDIA AIRPORT NY US,20150908,0,0,0
GHCND:USW00014732,NEW YORK LAGUARDIA AIRPORT NY US,20150909,36,0,0
GHCND:USW00014732,NEW YORK LAGUARDIA AIRPORT NY US,20150910,264,0,0
GHCND:USW00014732,NEW YORK LAGUARDIA AIRPORT NY US,20150911,0,0,0
GHCND:USW00014732,NEW YORK LAGUARDIA AIRPORT NY US,20150912,43,0,0
GHCND:USW00014732,NEW YORK LAGUARDIA AIRPORT NY US,20150913,13,0,0
GHCND:USW00014732,NEW YORK LAGUARDIA AIRPORT NY US,20150914,0,0,0
GHCND:USW00014732,NEW YORK LAGUARDIA AIRPORT NY US,20150915,0,0,0
GHCND:USW00014732,NEW YORK LAGUARDIA AIRPORT NY US,20150916,0,0,0
GHCND:USW00014732,NEW YORK LAGUARDIA AIRPORT NY US,20150917,0,0,0
GHCND:USW00014732,NEW YORK LAGUARDIA AIRPORT NY US,20150918,0,0,0
GHCND:USW00014732,NEW YORK LAGUARDIA AIRPORT NY US,20150919,0,0,0
GHCND:USW00014732,NEW YORK LAGUARDIA AIRPORT NY US,20150920,0,0,0
GHCND:USW00014732,NEW YORK LAGUARDIA AIRPORT NY US,20150921,0,0,0
GHCND:USW00014732,NEW YORK LAGUARDIA AIRPORT NY US,20150922,0,0,0
GHCND:USW00014732,NEW YORK LAGUARDIA AIRPORT NY US,20150923,0,0,0
GHCND:USW00014732,NEW YORK LAGUARDIA AIRPORT NY US,20150924,0,0,0
GHCND:USW00014732,NEW YORK LAGUARDIA AIRPORT NY US,20150925,0,0,0
GHCND:USW00014732,NEW YORK LAGUARDIA AIRPORT NY US,20150926,0,0,0
GHCND:USW00014732,NEW YORK LAGUARDIA AIRPORT NY US,20150927,0,0,0
GHCND:USW00014732,NEW YORK LAGUARDIA AIRPORT NY US,20150928,0,0,0
GHCND:USW00014732,NEW YORK LAGUARDIA AIRPORT NY US,20150929,20,0,0
GHCND:USW00014732,NEW YORK LAGUARDIA AIRPORT NY US,20150930,262,0,0
GHCND:USW00014732,NEW YORK LAGUARDIA AIRPORT NY US,20151001,23,0,0
GHCND:USW00014732,NEW YORK LAGUARDIA AIRPORT NY US,20151002,292,0,0
GHCND:USW00014732,NEW YORK LAGUARDIA AIRPORT NY US,20151003,91,0,0
GHCND:USW00014732,NEW YORK LAGUARDIA AIRPORT NY US,20151004,0,0,0
GHCND:USW00014732,NEW YORK LAGUARDIA AIRPORT NY US,20151005,0,0,0
GHCND:USW00014732,NEW YORK LAGUARDIA AIRPORT NY US,20151006,0,0,0
GHCND:USW00014732,NEW YORK LAGUARDIA AIRPORT NY US,20151007,0,0,0
GHCND:USW00014732,NEW YORK LAGUARDIA AIRPORT NY US,20151008,0,0,0
GHCND:USW00014732,NEW YORK LAGUARDIA AIRPORT NY US,20151009,127,0,0
GHCND:USW00014732,NEW YORK LAGUARDIA AIRPORT NY US,20151010,0,0,0
GHCND:USW00014732,NEW YORK LAGUARDIA AIRPORT NY US,20151011,0,0,0
GHCND:USW00014732,NEW YORK LAGUARDIA AIRPORT NY US,20151012,0,0,0
GHCND:USW00014732,NEW YORK LAGUARDIA AIRPORT NY US,20151013,0,0,0
GHCND:USW00014732,NEW YORK LAGUARDIA AIRPORT NY US,20151014,0,0,0
GHCND:USW00014732,NEW YORK LAGUARDIA AIRPORT NY US,20151015,0,0,0
GHCND:USW00014732,NEW YORK LAGUARDIA AIRPORT NY US,20151016,0,0,0
GHCND:USW00014732,NEW YORK LAGUARDIA AIRPORT NY US,20151017,0,0,0
GHCND:USW00014732,NEW YORK LAGUARDIA AIRPORT NY US,20151018,0,0,0
GHCND:USW00014732,NEW YORK LAGUARDIA AIRPORT NY US,20151019,0,0,0
GHCND:USW00014732,NEW YORK LAGUARDIA AIRPORT NY US,20151020,0,0,0
GHCND:USW00014732,NEW YORK LAGUARDIA AIRPORT NY US,20151021,0,0,0
GHCND:USW00014732,NEW YORK LAGUARDIA AIRPORT NY US,20151022,0,0,0
GHCND:USW00014732,NEW YORK LAGUARDIA AIRPORT NY US,20151023,0,0,0
GHCND:USW00014732,NEW YORK LAGUARDIA AIRPORT NY US,20151024,0,0,0
GHCND:USW00014732,NEW YORK LAGUARDIA AIRPORT NY US,20151025,8,0,0
GHCND:USW00014732,NEW YORK LAGUARDIA AIRPORT NY US,20151026,0,0,0
GHCND:USW00014732,NEW YORK LAGUARDIA AIRPORT NY US,20151027,0,0,0
GHCND:USW00014732,NEW YORK LAGUARDIA AIRPORT NY US,20151028,318,0,0
GHCND:USW00014732,NEW YORK LAGUARDIA AIRPORT NY US,20151029,3,0,0
GHCND:USW00014732,NEW YORK LAGUARDIA AIRPORT NY US,20151030,0,0,0
GHCND:USW00014732,NEW YORK LAGUARDIA AIRPORT NY US,20151031,0,0,0
GHCND:USW00014732,NEW YORK LAGUARDIA AIRPORT NY US,20151101,0,0,0
GHCND:USW00014732,NEW YORK LAGUARDIA AIRPORT NY US,20151102,0,0,0
GHCND:USW00014732,NEW YORK LAGUARDIA AIRPORT NY US,20151103,0,0,0
GHCND:USW00014732,NEW YORK LAGUARDIA AIRPORT NY US,20151104,0,0,0
GHCND:USW00014732,NEW YORK LAGUARDIA AIRPORT NY US,20151105,0,0,0
GHCND:USW00014732,NEW YORK LAGUARDIA AIRPORT NY US,20151106,0,0,0
GHCND:USW00014732,NEW YORK LAGUARDIA AIRPORT NY US,20151107,0,0,0
GHCND:USW00014732,NEW YORK LAGUARDIA AIRPORT NY US,20151108,0,0,0
GHCND:USW00014732,NEW YORK LAGUARDIA AIRPORT NY US,20151109,0,0,0
GHCND:USW00014732,NEW YORK LAGUARDIA AIRPORT NY US,20151110,69,0,0
GHCND:USW00014732,NEW YORK LAGUARDIA AIRPORT NY US,20151111,58,0,0
GHCND:USW00014732,NEW YORK LAGUARDIA AIRPORT NY US,20151112,3,0,0
GHCND:USW00014732,NEW YORK LAGUARDIA AIRPORT NY US,20151113,0,0,0
GHCND:USW00014732,NEW YORK LAGUARDIA AIRPORT NY US,20151114,0,0,0
GHCND:USW00014732,NEW YORK LAGUARDIA AIRPORT NY US,20151115,0,0,0
GHCND:USW00014732,NEW YORK LAGUARDIA AIRPORT NY US,20151116,0,0,0
GHCND:USW00014732,NEW YORK LAGUARDIA AIRPORT NY US,20151117,0,0,0
GHCND:USW00014732,NEW YORK LAGUARDIA AIRPORT NY US,20151118,0,0,0
GHCND:USW00014732,NEW YORK LAGUARDIA AIRPORT NY US,20151119,295,0,0
GHCND:USW00014732,NEW YORK LAGUARDIA AIRPORT NY US,20151120,0,0,0
GHCND:USW00014732,NEW YORK LAGUARDIA AIRPORT NY US,20151121,0,0,0
GHCND:USW00014732,NEW YORK LAGUARDIA AIRPORT NY US,20151122,0,0,0
GHCND:USW00014732,NEW YORK LAGUARDIA AIRPORT NY US,20151123,0,0,0
GHCND:USW00014732,NEW YORK LAGUARDIA AIRPORT NY US,20151124,0,0,0
GHCND:USW00014732,NEW YORK LAGUARDIA AIRPORT NY US,20151125,0,0,0
GHCND:USW00014732,NEW YORK LAGUARDIA AIRPORT NY US,20151126,0,0,0
GHCND:USW00014732,NEW YORK LAGUARDIA AIRPORT NY US,20151127,0,0,0
GHCND:USW00014732,NEW YORK LAGUARDIA AIRPORT NY US,20151128,8,0,0
GHCND:USW00014732,NEW YORK LAGUARDIA AIRPORT NY US,20151129,0,0,0
GHCND:USW00014732,NEW YORK LAGUARDIA AIRPORT NY US,20151130,0,0,0
