,STATION_NAME,DATE,PRCP,SNWD,SNOW,Precip,dateCol
0,NEW YORK LAGUARDIA AIRPORT NY US,20130701,185,0,0,1,2013-07-01
1,NEW YORK LAGUARDIA AIRPORT NY US,20130702,15,0,0,1,2013-07-02
2,NEW YORK LAGUARDIA AIRPORT NY US,20130703,244,0,0,1,2013-07-03
3,NEW YORK LAGUARDIA AIRPORT NY US,20130704,0,0,0,0,2013-07-04
4,NEW YORK LAGUARDIA AIRPORT NY US,20130705,0,0,0,0,2013-07-05
5,NEW YORK LAGUARDIA AIRPORT NY US,20130706,0,0,0,0,2013-07-06
6,NEW YORK LAGUARDIA AIRPORT NY US,20130707,0,0,0,0,2013-07-07
7,NEW YORK LAGUARDIA AIRPORT NY US,20130708,0,0,0,0,2013-07-08
8,NEW YORK LAGUARDIA AIRPORT NY US,20130709,15,0,0,1,2013-07-09
9,NEW YORK LAGUARDIA AIRPORT NY US,20130710,5,0,0,1,2013-07-10
10,NEW YORK LAGUARDIA AIRPORT NY US,20130711,0,0,0,0,2013-07-11
11,NEW YORK LAGUARDIA AIRPORT NY US,20130712,56,0,0,1,2013-07-12
12,NEW YORK LAGUARDIA AIRPORT NY US,20130713,5,0,0,1,2013-07-13
13,NEW YORK LAGUARDIA AIRPORT NY US,20130714,0,0,0,0,2013-07-14
14,NEW YORK LAGUARDIA AIRPORT NY US,20130715,0,0,0,0,2013-07-15
15,NEW YORK LAGUARDIA AIRPORT NY US,20130716,0,0,0,0,2013-07-16
16,NEW YORK LAGUARDIA AIRPORT NY US,20130717,0,0,0,0,2013-07-17
17,NEW YORK LAGUARDIA AIRPORT NY US,20130718,0,0,0,0,2013-07-18
18,NEW YORK LAGUARDIA AIRPORT NY US,20130719,0,0,0,0,2013-07-19
19,NEW YORK LAGUARDIA AIRPORT NY US,20130720,0,0,0,0,2013-07-20
20,NEW YORK LAGUARDIA AIRPORT NY US,20130721,0,0,0,0,2013-07-21
21,NEW YORK LAGUARDIA AIRPORT NY US,20130722,69,0,0,1,2013-07-22
22,NEW YORK LAGUARDIA AIRPORT NY US,20130723,79,0,0,1,2013-07-23
23,NEW YORK LAGUARDIA AIRPORT NY US,20130724,0,0,0,0,2013-07-24
24,NEW YORK LAGUARDIA AIRPORT NY US,20130725,5,0,0,1,2013-07-25
25,NEW YORK LAGUARDIA AIRPORT NY US,20130726,0,0,0,0,2013-07-26
26,NEW YORK LAGUARDIA AIRPORT NY US,20130727,0,0,0,0,2013-07-27
27,NEW YORK LAGUARDIA AIRPORT NY US,20130728,33,0,0,1,2013-07-28
28,NEW YORK LAGUARDIA AIRPORT NY US,20130729,0,0,0,0,2013-07-29
29,NEW YORK LAGUARDIA AIRPORT NY US,20130730,0,0,0,0,2013-07-30
30,NEW YORK LAGUARDIA AIRPORT NY US,20130731,0,0,0,0,2013-07-31
31,NEW YORK LAGUARDIA AIRPORT NY US,20130801,127,0,0,1,2013-08-01
32,NEW YORK LAGUARDIA AIRPORT NY US,20130802,0,0,0,0,2013-08-02
33,NEW YORK LAGUARDIA AIRPORT NY US,20130803,3,0,0,1,2013-08-03
34,NEW YORK LAGUARDIA AIRPORT NY US,20130804,0,0,0,0,2013-08-04
35,NEW YORK LAGUARDIA AIRPORT NY US,20130805,0,0,0,0,2013-08-05
36,NEW YORK LAGUARDIA AIRPORT NY US,20130806,0,0,0,0,2013-08-06
37,NEW YORK LAGUARDIA AIRPORT NY US,20130807,3,0,0,1,2013-08-07
38,NEW YORK LAGUARDIA AIRPORT NY US,20130808,51,0,0,1,2013-08-08
39,NEW YORK LAGUARDIA AIRPORT NY US,20130809,18,0,0,1,2013-08-09
40,NEW YORK LAGUARDIA AIRPORT NY US,20130810,0,0,0,0,2013-08-10
41,NEW YORK LAGUARDIA AIRPORT NY US,20130811,0,0,0,0,2013-08-11
42,NEW YORK LAGUARDIA AIRPORT NY US,20130812,23,0,0,1,2013-08-12
43,NEW YORK LAGUARDIA AIRPORT NY US,20130813,188,0,0,1,2013-08-13
44,NEW YORK LAGUARDIA AIRPORT NY US,20130814,0,0,0,0,2013-08-14
45,NEW YORK LAGUARDIA AIRPORT NY US,20130815,0,0,0,0,2013-08-15
46,NEW YORK LAGUARDIA AIRPORT NY US,20130816,0,0,0,0,2013-08-16
47,NEW YORK LAGUARDIA AIRPORT NY US,20130817,0,0,0,0,2013-08-17
48,NEW YORK LAGUARDIA AIRPORT NY US,20130818,0,0,0,0,2013-08-18
49,NEW YORK LAGUARDIA AIRPORT NY US,20130819,0,0,0,0,2013-08-19
50,NEW YORK LAGUARDIA AIRPORT NY US,20130820,0,0,0,0,2013-08-20
51,NEW YORK LAGUARDIA AIRPORT NY US,20130821,0,0,0,0,2013-08-21
52,NEW YORK LAGUARDIA AIRPORT NY US,20130822,61,0,0,1,2013-08-22
53,NEW YORK LAGUARDIA AIRPORT NY US,20130823,0,0,0,0,2013-08-23
54,NEW YORK LAGUARDIA AIRPORT NY US,20130824,0,0,0,0,2013-08-24
55,NEW YORK LAGUARDIA AIRPORT NY US,20130825,0,0,0,0,2013-08-25
56,NEW YORK LAGUARDIA AIRPORT NY US,20130826,0,0,0,0,2013-08-26
57,NEW YORK LAGUARDIA AIRPORT NY US,20130827,3,0,0,1,2013-08-27
58,NEW YORK LAGUARDIA AIRPORT NY US,20130828,25,0,0,1,2013-08-28
59,NEW YORK LAGUARDIA AIRPORT NY US,20130829,0,0,0,0,2013-08-29
60,NEW YORK LAGUARDIA AIRPORT NY US,20130830,0,0,0,0,2013-08-30
61,NEW YORK LAGUARDIA AIRPORT NY US,20130831,0,0,0,0,2013-08-31
62,NEW YORK LAGUARDIA AIRPORT NY US,20130901,0,0,0,0,2013-09-01
63,NEW YORK LAGUARDIA AIRPORT NY US,20130902,229,0,0,1,2013-09-02
64,NEW YORK LAGUARDIA AIRPORT NY US,20130903,23,0,0,1,2013-09-03
65,NEW YORK LAGUARDIA AIRPORT NY US,20130904,0,0,0,0,2013-09-04
66,NEW YORK LAGUARDIA AIRPORT NY US,20130905,0,0,0,0,2013-09-05
67,NEW YORK LAGUARDIA AIRPORT NY US,20130906,0,0,0,0,2013-09-06
68,NEW YORK LAGUARDIA AIRPORT NY US,20130907,0,0,0,0,2013-09-07
69,NEW YORK LAGUARDIA AIRPORT NY US,20130908,0,0,0,0,2013-09-08
70,NEW YORK LAGUARDIA AIRPORT NY US,20130909,0,0,0,0,2013-09-09
71,NEW YORK LAGUARDIA AIRPORT NY US,20130910,0,0,0,0,2013-09-10
72,NEW YORK LAGUARDIA AIRPORT NY US,20130911,0,0,0,0,2013-09-11
73,NEW YORK LAGUARDIA AIRPORT NY US,20130912,323,0,0,1,2013-09-12
74,NEW YORK LAGUARDIA AIRPORT NY US,20130913,8,0,0,1,2013-09-13
75,NEW YORK LAGUARDIA AIRPORT NY US,20130914,0,0,0,0,2013-09-14
76,NEW YORK LAGUARDIA AIRPORT NY US,20130915,0,0,0,0,2013-09-15
77,NEW YORK LAGUARDIA AIRPORT NY US,20130916,5,0,0,1,2013-09-16
78,NEW YORK LAGUARDIA AIRPORT NY US,20130917,0,0,0,0,2013-09-17
79,NEW YORK LAGUARDIA AIRPORT NY US,20130918,0,0,0,0,2013-09-18
80,NEW YORK LAGUARDIA AIRPORT NY US,20130919,0,0,0,0,2013-09-19
81,NEW YORK LAGUARDIA AIRPORT NY US,20130920,0,0,0,0,2013-09-20
82,NEW YORK LAGUARDIA AIRPORT NY US,20130921,114,0,0,1,2013-09-21
83,NEW YORK LAGUARDIA AIRPORT NY US,20130922,135,0,0,1,2013-09-22
84,NEW YORK LAGUARDIA AIRPORT NY US,20130923,0,0,0,0,2013-09-23
85,NEW YORK LAGUARDIA AIRPORT NY US,20130924,0,0,0,0,2013-09-24
86,NEW YORK LAGUARDIA AIRPORT NY US,20130925,0,0,0,0,2013-09-25
87,NEW YORK LAGUARDIA AIRPORT NY US,20130926,0,0,0,0,2013-09-26
88,NEW YORK LAGUARDIA AIRPORT NY US,20130927,0,0,0,0,2013-09-27
89,NEW YORK LAGUARDIA AIRPORT NY US,20130928,0,0,0,0,2013-09-28
90,NEW YORK LAGUARDIA AIRPORT NY US,20130929,0,0,0,0,2013-09-29
91,NEW YORK LAGUARDIA AIRPORT NY US,20130930,0,0,0,0,2013-09-30
92,NEW YORK LAGUARDIA AIRPORT NY US,20131001,0,0,0,0,2013-10-01
93,NEW YORK LAGUARDIA AIRPORT NY US,20131002,0,0,0,0,2013-10-02
94,NEW YORK LAGUARDIA AIRPORT NY US,20131003,0,0,0,0,2013-10-03
95,NEW YORK LAGUARDIA AIRPORT NY US,20131004,8,0,0,1,2013-10-04
96,NEW YORK LAGUARDIA AIRPORT NY US,20131005,0,0,0,0,2013-10-05
97,NEW YORK LAGUARDIA AIRPORT NY US,20131006,3,0,0,1,2013-10-06
98,NEW YORK LAGUARDIA AIRPORT NY US,20131007,84,0,0,1,2013-10-07
99,NEW YORK LAGUARDIA AIRPORT NY US,20131008,0,0,0,0,2013-10-08
100,NEW YORK LAGUARDIA AIRPORT NY US,20131009,0,0,0,0,2013-10-09
101,NEW YORK LAGUARDIA AIRPORT NY US,20131010,0,0,0,0,2013-10-10
102,NEW YORK LAGUARDIA AIRPORT NY US,20131011,0,0,0,0,2013-10-11
103,NEW YORK LAGUARDIA AIRPORT NY US,20131012,0,0,0,0,2013-10-12
104,NEW YORK LAGUARDIA AIRPORT NY US,20131013,0,0,0,0,2013-10-13
105,NEW YORK LAGUARDIA AIRPORT NY US,20131014,0,0,0,0,2013-10-14
106,NEW YORK LAGUARDIA AIRPORT NY US,20131015,0,0,0,0,2013-10-15
107,NEW YORK LAGUARDIA AIRPORT NY US,20131016,0,0,0,0,2013-10-16
108,NEW YORK LAGUARDIA AIRPORT NY US,20131017,3,0,0,1,2013-10-17
109,NEW YORK LAGUARDIA AIRPORT NY US,20131018,0,0,0,0,2013-10-18
110,NEW YORK LAGUARDIA AIRPORT NY US,20131019,0,0,0,0,2013-10-19
111,NEW YORK LAGUARDIA AIRPORT NY US,20131020,0,0,0,0,2013-10-20
112,NEW YORK LAGUARDIA AIRPORT NY US,20131021,0,0,0,0,2013-10-21
113,NEW YORK LAGUARDIA AIRPORT NY US,20131022,0,0,0,0,2013-10-22
114,NEW YORK LAGUARDIA AIRPORT NY US,20131023,0,0,0,0,2013-10-23
115,NEW YORK LAGUARDIA AIRPORT NY US,20131024,0,0,0,0,2013-10-24
116,NEW YORK LAGUARDIA AIRPORT NY US,20131025,0,0,0,0,2013-10-25
117,NEW YORK LAGUARDIA AIRPORT NY US,20131026,0,0,0,0,2013-10-26
118,NEW YORK LAGUARDIA AIRPORT NY US,20131027,0,0,0,0,2013-10-27
119,NEW YORK LAGUARDIA AIRPORT NY US,20131028,0,0,0,0,2013-10-28
120,NEW YORK LAGUARDIA AIRPORT NY US,20131029,0,0,0,0,2013-10-29
121,NEW YORK LAGUARDIA AIRPORT NY US,20131030,0,0,0,0,2013-10-30
122,NEW YORK LAGUARDIA AIRPORT NY US,20131031,13,0,0,1,2013-10-31
123,NEW YORK LAGUARDIA AIRPORT NY US,20131101,13,0,0,1,2013-11-01
124,NEW YORK LAGUARDIA AIRPORT NY US,20131102,3,0,0,1,2013-11-02
125,NEW YORK LAGUARDIA AIRPORT NY US,20131103,0,0,0,0,2013-11-03
126,NEW YORK LAGUARDIA AIRPORT NY US,20131104,0,0,0,0,2013-11-04
127,NEW YORK LAGUARDIA AIRPORT NY US,20131105,0,0,0,0,2013-11-05
128,NEW YORK LAGUARDIA AIRPORT NY US,20131106,0,0,0,0,2013-11-06
129,NEW YORK LAGUARDIA AIRPORT NY US,20131107,20,0,0,1,2013-11-07
130,NEW YORK LAGUARDIA AIRPORT NY US,20131108,0,0,0,0,2013-11-08
131,NEW YORK LAGUARDIA AIRPORT NY US,20131109,0,0,0,0,2013-11-09
132,NEW YORK LAGUARDIA AIRPORT NY US,20131110,0,0,0,0,2013-11-10
133,NEW YORK LAGUARDIA AIRPORT NY US,20131111,0,0,0,0,2013-11-11
134,NEW YORK LAGUARDIA AIRPORT NY US,20131112,8,0,0,1,2013-11-12
135,NEW YORK LAGUARDIA AIRPORT NY US,20131113,0,0,0,0,2013-11-13
136,NEW YORK LAGUARDIA AIRPORT NY US,20131114,0,0,0,0,2013-11-14
137,NEW YORK LAGUARDIA AIRPORT NY US,20131115,0,0,0,0,2013-11-15
138,NEW YORK LAGUARDIA AIRPORT NY US,20131116,13,0,0,1,2013-11-16
139,NEW YORK LAGUARDIA AIRPORT NY US,20131117,5,0,0,1,2013-11-17
140,NEW YORK LAGUARDIA AIRPORT NY US,20131118,58,0,0,1,2013-11-18
141,NEW YORK LAGUARDIA AIRPORT NY US,20131119,0,0,0,0,2013-11-19
142,NEW YORK LAGUARDIA AIRPORT NY US,20131120,0,0,0,0,2013-11-20
143,NEW YORK LAGUARDIA AIRPORT NY US,20131121,0,0,0,0,2013-11-21
144,NEW YORK LAGUARDIA AIRPORT NY US,20131122,18,0,0,1,2013-11-22
145,NEW YORK LAGUARDIA AIRPORT NY US,20131123,5,0,5,1,2013-11-23
146,NEW YORK LAGUARDIA AIRPORT NY US,20131124,0,0,0,0,2013-11-24
147,NEW YORK LAGUARDIA AIRPORT NY US,20131125,0,0,0,0,2013-11-25
148,NEW YORK LAGUARDIA AIRPORT NY US,20131126,119,0,0,1,2013-11-26
149,NEW YORK LAGUARDIA AIRPORT NY US,20131127,442,0,0,1,2013-11-27
150,NEW YORK LAGUARDIA AIRPORT NY US,20131128,0,0,0,0,2013-11-28
151,NEW YORK LAGUARDIA AIRPORT NY US,20131129,0,0,0,0,2013-11-29
152,NEW YORK LAGUARDIA AIRPORT NY US,20131130,0,0,0,0,2013-11-30
153,NEW YORK LAGUARDIA AIRPORT NY US,20131201,0,0,0,0,2013-12-01
154,NEW YORK LAGUARDIA AIRPORT NY US,20131202,0,0,0,0,2013-12-02
155,NEW YORK LAGUARDIA AIRPORT NY US,20131203,0,0,0,0,2013-12-03
156,NEW YORK LAGUARDIA AIRPORT NY US,20131204,0,0,0,0,2013-12-04
157,NEW YORK LAGUARDIA AIRPORT NY US,20131205,3,0,0,1,2013-12-05
158,NEW YORK LAGUARDIA AIRPORT NY US,20131206,185,0,0,1,2013-12-06
159,NEW YORK LAGUARDIA AIRPORT NY US,20131207,33,0,0,1,2013-12-07
160,NEW YORK LAGUARDIA AIRPORT NY US,20131208,13,0,18,1,2013-12-08
161,NEW YORK LAGUARDIA AIRPORT NY US,20131209,53,0,0,1,2013-12-09
162,NEW YORK LAGUARDIA AIRPORT NY US,20131210,56,0,28,1,2013-12-10
163,NEW YORK LAGUARDIA AIRPORT NY US,20131211,0,0,0,0,2013-12-11
164,NEW YORK LAGUARDIA AIRPORT NY US,20131212,0,0,0,0,2013-12-12
165,NEW YORK LAGUARDIA AIRPORT NY US,20131213,0,0,0,0,2013-12-13
166,NEW YORK LAGUARDIA AIRPORT NY US,20131214,112,0,119,1,2013-12-14
167,NEW YORK LAGUARDIA AIRPORT NY US,20131215,196,50,0,1,2013-12-15
168,NEW YORK LAGUARDIA AIRPORT NY US,20131216,0,30,0,0,2013-12-16
169,NEW YORK LAGUARDIA AIRPORT NY US,20131217,41,30,28,1,2013-12-17
170,NEW YORK LAGUARDIA AIRPORT NY US,20131218,0,30,0,0,2013-12-18
171,NEW YORK LAGUARDIA AIRPORT NY US,20131219,0,30,0,0,2013-12-19
172,NEW YORK LAGUARDIA AIRPORT NY US,20131220,0,0,0,0,2013-12-20
173,NEW YORK LAGUARDIA AIRPORT NY US,20131221,0,0,0,0,2013-12-21
174,NEW YORK LAGUARDIA AIRPORT NY US,20131222,3,0,0,1,2013-12-22
175,NEW YORK LAGUARDIA AIRPORT NY US,20131223,135,0,0,1,2013-12-23
176,NEW YORK LAGUARDIA AIRPORT NY US,20131224,0,0,0,0,2013-12-24
177,NEW YORK LAGUARDIA AIRPORT NY US,20131225,0,0,0,0,2013-12-25
178,NEW YORK LAGUARDIA AIRPORT NY US,20131226,0,0,0,0,2013-12-26
179,NEW YORK LAGUARDIA AIRPORT NY US,20131227,0,0,0,0,2013-12-27
180,NEW YORK LAGUARDIA AIRPORT NY US,20131228,0,0,0,0,2013-12-28
181,NEW YORK LAGUARDIA AIRPORT NY US,20131229,305,0,0,1,2013-12-29
182,NEW YORK LAGUARDIA AIRPORT NY US,20131230,0,0,0,0,2013-12-30
183,NEW YORK LAGUARDIA AIRPORT NY US,20131231,0,0,0,0,2013-12-31
184,NEW YORK LAGUARDIA AIRPORT NY US,20140101,0,0,0,0,2014-01-01
185,NEW YORK LAGUARDIA AIRPORT NY US,20140102,46,0,86,1,2014-01-02
186,NEW YORK LAGUARDIA AIRPORT NY US,20140103,64,180,114,1,2014-01-03
187,NEW YORK LAGUARDIA AIRPORT NY US,20140104,0,200,0,0,2014-01-04
188,NEW YORK LAGUARDIA AIRPORT NY US,20140105,25,100,0,1,2014-01-05
189,NEW YORK LAGUARDIA AIRPORT NY US,20140106,79,0,0,1,2014-01-06
190,NEW YORK LAGUARDIA AIRPORT NY US,20140107,0,0,0,0,2014-01-07
191,NEW YORK LAGUARDIA AIRPORT NY US,20140108,0,0,0,0,2014-01-08
192,NEW YORK LAGUARDIA AIRPORT NY US,20140109,0,0,0,0,2014-01-09
193,NEW YORK LAGUARDIA AIRPORT NY US,20140110,38,0,3,1,2014-01-10
194,NEW YORK LAGUARDIA AIRPORT NY US,20140111,127,0,0,1,2014-01-11
195,NEW YORK LAGUARDIA AIRPORT NY US,20140112,5,0,0,1,2014-01-12
196,NEW YORK LAGUARDIA AIRPORT NY US,20140113,0,0,0,0,2014-01-13
197,NEW YORK LAGUARDIA AIRPORT NY US,20140114,97,0,0,1,2014-01-14
198,NEW YORK LAGUARDIA AIRPORT NY US,20140115,0,0,0,0,2014-01-15
199,NEW YORK LAGUARDIA AIRPORT NY US,20140116,0,0,0,0,2014-01-16
200,NEW YORK LAGUARDIA AIRPORT NY US,20140117,0,0,0,0,2014-01-17
201,NEW YORK LAGUARDIA AIRPORT NY US,20140118,38,0,0,1,2014-01-18
202,NEW YORK LAGUARDIA AIRPORT NY US,20140119,0,0,0,0,2014-01-19
203,NEW YORK LAGUARDIA AIRPORT NY US,20140120,0,0,0,0,2014-01-20
204,NEW YORK LAGUARDIA AIRPORT NY US,20140121,64,0,206,1,2014-01-21
205,NEW YORK LAGUARDIA AIRPORT NY US,20140122,0,200,0,0,2014-01-22
206,NEW YORK LAGUARDIA AIRPORT NY US,20140123,0,130,0,0,2014-01-23
207,NEW YORK LAGUARDIA AIRPORT NY US,20140124,0,100,0,0,2014-01-24
208,NEW YORK LAGUARDIA AIRPORT NY US,20140125,5,100,5,1,2014-01-25
209,NEW YORK LAGUARDIA AIRPORT NY US,20140126,0,100,3,1,2014-01-26
210,NEW YORK LAGUARDIA AIRPORT NY US,20140127,0,80,0,0,2014-01-27
211,NEW YORK LAGUARDIA AIRPORT NY US,20140128,0,30,0,0,2014-01-28
212,NEW YORK LAGUARDIA AIRPORT NY US,20140129,13,30,8,1,2014-01-29
213,NEW YORK LAGUARDIA AIRPORT NY US,20140130,0,0,0,0,2014-01-30
214,NEW YORK LAGUARDIA AIRPORT NY US,20140131,0,0,0,0,2014-01-31
215,NEW YORK LAGUARDIA AIRPORT NY US,20140201,0,0,0,0,2014-02-01
216,NEW YORK LAGUARDIA AIRPORT NY US,20140202,0,0,0,0,2014-02-02
217,NEW YORK LAGUARDIA AIRPORT NY US,20140203,274,30,196,1,2014-02-03
218,NEW YORK LAGUARDIA AIRPORT NY US,20140204,0,180,0,0,2014-02-04
219,NEW YORK LAGUARDIA AIRPORT NY US,20140205,300,200,84,1,2014-02-05
220,NEW YORK LAGUARDIA AIRPORT NY US,20140206,0,180,0,0,2014-02-06
221,NEW YORK LAGUARDIA AIRPORT NY US,20140207,0,150,0,0,2014-02-07
222,NEW YORK LAGUARDIA AIRPORT NY US,20140208,0,150,0,0,2014-02-08
223,NEW YORK LAGUARDIA AIRPORT NY US,20140209,25,150,30,1,2014-02-09
224,NEW YORK LAGUARDIA AIRPORT NY US,20140210,0,180,0,0,2014-02-10
225,NEW YORK LAGUARDIA AIRPORT NY US,20140211,0,180,0,0,2014-02-11
226,NEW YORK LAGUARDIA AIRPORT NY US,20140212,0,150,0,0,2014-02-12
227,NEW YORK LAGUARDIA AIRPORT NY US,20140213,427,230,196,1,2014-02-13
228,NEW YORK LAGUARDIA AIRPORT NY US,20140214,64,330,81,1,2014-02-14
229,NEW YORK LAGUARDIA AIRPORT NY US,20140215,25,230,76,1,2014-02-15
230,NEW YORK LAGUARDIA AIRPORT NY US,20140216,0,300,0,0,2014-02-16
231,NEW YORK LAGUARDIA AIRPORT NY US,20140217,0,280,0,0,2014-02-17
232,NEW YORK LAGUARDIA AIRPORT NY US,20140218,38,250,38,1,2014-02-18
233,NEW YORK LAGUARDIA AIRPORT NY US,20140219,64,250,0,1,2014-02-19
234,NEW YORK LAGUARDIA AIRPORT NY US,20140220,5,180,0,1,2014-02-20
235,NEW YORK LAGUARDIA AIRPORT NY US,20140221,28,130,0,1,2014-02-21
236,NEW YORK LAGUARDIA AIRPORT NY US,20140222,0,30,0,0,2014-02-22
237,NEW YORK LAGUARDIA AIRPORT NY US,20140223,0,0,0,0,2014-02-23
238,NEW YORK LAGUARDIA AIRPORT NY US,20140224,0,0,0,0,2014-02-24
239,NEW YORK LAGUARDIA AIRPORT NY US,20140225,0,0,0,0,2014-02-25
240,NEW YORK LAGUARDIA AIRPORT NY US,20140226,3,0,5,1,2014-02-26
241,NEW YORK LAGUARDIA AIRPORT NY US,20140227,0,0,0,0,2014-02-27
242,NEW YORK LAGUARDIA AIRPORT NY US,20140228,0,0,0,0,2014-02-28
243,NEW YORK LAGUARDIA AIRPORT NY US,20140301,0,0,0,0,2014-03-01
244,NEW YORK LAGUARDIA AIRPORT NY US,20140302,0,0,0,0,2014-03-02
245,NEW YORK LAGUARDIA AIRPORT NY US,20140303,3,0,10,1,2014-03-03
246,NEW YORK LAGUARDIA AIRPORT NY US,20140304,0,0,0,0,2014-03-04
247,NEW YORK LAGUARDIA AIRPORT NY US,20140305,0,0,0,0,2014-03-05
248,NEW YORK LAGUARDIA AIRPORT NY US,20140306,0,0,0,0,2014-03-06
249,NEW YORK LAGUARDIA AIRPORT NY US,20140307,0,0,0,0,2014-03-07
250,NEW YORK LAGUARDIA AIRPORT NY US,20140308,0,0,0,0,2014-03-08
251,NEW YORK LAGUARDIA AIRPORT NY US,20140309,0,0,0,0,2014-03-09
252,NEW YORK LAGUARDIA AIRPORT NY US,20140310,0,0,0,0,2014-03-10
253,NEW YORK LAGUARDIA AIRPORT NY US,20140311,0,0,0,0,2014-03-11
254,NEW YORK LAGUARDIA AIRPORT NY US,20140312,89,0,0,1,2014-03-12
255,NEW YORK LAGUARDIA AIRPORT NY US,20140313,0,0,0,0,2014-03-13
256,NEW YORK LAGUARDIA AIRPORT NY US,20140314,0,0,0,0,2014-03-14
257,NEW YORK LAGUARDIA AIRPORT NY US,20140315,0,0,0,0,2014-03-15
258,NEW YORK LAGUARDIA AIRPORT NY US,20140316,0,0,0,0,2014-03-16
259,NEW YORK LAGUARDIA AIRPORT NY US,20140317,0,0,0,0,2014-03-17
260,NEW YORK LAGUARDIA AIRPORT NY US,20140318,0,0,0,0,2014-03-18
261,NEW YORK LAGUARDIA AIRPORT NY US,20140319,251,0,0,1,2014-03-19
262,NEW YORK LAGUARDIA AIRPORT NY US,20140320,0,0,0,0,2014-03-20
263,NEW YORK LAGUARDIA AIRPORT NY US,20140321,0,0,0,0,2014-03-21
264,NEW YORK LAGUARDIA AIRPORT NY US,20140322,0,0,0,0,2014-03-22
265,NEW YORK LAGUARDIA AIRPORT NY US,20140323,0,0,0,0,2014-03-23
266,NEW YORK LAGUARDIA AIRPORT NY US,20140324,0,0,0,0,2014-03-24
267,NEW YORK LAGUARDIA AIRPORT NY US,20140325,0,0,0,0,2014-03-25
268,NEW YORK LAGUARDIA AIRPORT NY US,20140326,0,0,0,0,2014-03-26
269,NEW YORK LAGUARDIA AIRPORT NY US,20140327,0,0,0,0,2014-03-27
270,NEW YORK LAGUARDIA AIRPORT NY US,20140328,8,0,0,1,2014-03-28
271,NEW YORK LAGUARDIA AIRPORT NY US,20140329,455,0,0,1,2014-03-29
272,NEW YORK LAGUARDIA AIRPORT NY US,20140330,94,0,0,1,2014-03-30
273,NEW YORK LAGUARDIA AIRPORT NY US,20140331,30,0,0,1,2014-03-31
274,NEW YORK LAGUARDIA AIRPORT NY US,20140401,0,0,0,0,2014-04-01
275,NEW YORK LAGUARDIA AIRPORT NY US,20140402,0,0,0,0,2014-04-02
276,NEW YORK LAGUARDIA AIRPORT NY US,20140403,18,0,0,1,2014-04-03
277,NEW YORK LAGUARDIA AIRPORT NY US,20140404,48,0,0,1,2014-04-04
278,NEW YORK LAGUARDIA AIRPORT NY US,20140405,0,0,0,0,2014-04-05
279,NEW YORK LAGUARDIA AIRPORT NY US,20140406,0,0,0,0,2014-04-06
280,NEW YORK LAGUARDIA AIRPORT NY US,20140407,168,0,0,1,2014-04-07
281,NEW YORK LAGUARDIA AIRPORT NY US,20140408,86,0,0,1,2014-04-08
282,NEW YORK LAGUARDIA AIRPORT NY US,20140409,0,0,0,0,2014-04-09
283,NEW YORK LAGUARDIA AIRPORT NY US,20140410,0,0,0,0,2014-04-10
284,NEW YORK LAGUARDIA AIRPORT NY US,20140411,0,0,0,0,2014-04-11
285,NEW YORK LAGUARDIA AIRPORT NY US,20140412,0,0,0,0,2014-04-12
286,NEW YORK LAGUARDIA AIRPORT NY US,20140413,0,0,0,0,2014-04-13
287,NEW YORK LAGUARDIA AIRPORT NY US,20140414,0,0,0,0,2014-04-14
288,NEW YORK LAGUARDIA AIRPORT NY US,20140415,221,0,3,1,2014-04-15
289,NEW YORK LAGUARDIA AIRPORT NY US,20140416,13,0,5,1,2014-04-16
290,NEW YORK LAGUARDIA AIRPORT NY US,20140417,0,0,0,0,2014-04-17
291,NEW YORK LAGUARDIA AIRPORT NY US,20140418,0,0,0,0,2014-04-18
292,NEW YORK LAGUARDIA AIRPORT NY US,20140419,0,0,0,0,2014-04-19
293,NEW YORK LAGUARDIA AIRPORT NY US,20140420,0,0,0,0,2014-04-20
294,NEW YORK LAGUARDIA AIRPORT NY US,20140421,0,0,0,0,2014-04-21
295,NEW YORK LAGUARDIA AIRPORT NY US,20140422,0,0,0,0,2014-04-22
296,NEW YORK LAGUARDIA AIRPORT NY US,20140423,0,0,0,0,2014-04-23
297,NEW YORK LAGUARDIA AIRPORT NY US,20140424,0,0,0,0,2014-04-24
298,NEW YORK LAGUARDIA AIRPORT NY US,20140425,0,0,0,0,2014-04-25
299,NEW YORK LAGUARDIA AIRPORT NY US,20140426,193,0,0,1,2014-04-26
300,NEW YORK LAGUARDIA AIRPORT NY US,20140427,0,0,0,0,2014-04-27
301,NEW YORK LAGUARDIA AIRPORT NY US,20140428,0,0,0,0,2014-04-28
302,NEW YORK LAGUARDIA AIRPORT NY US,20140429,8,0,0,1,2014-04-29
303,NEW YORK LAGUARDIA AIRPORT NY US,20140430,1336,0,0,1,2014-04-30
304,NEW YORK LAGUARDIA AIRPORT NY US,20140501,38,0,0,1,2014-05-01
305,NEW YORK LAGUARDIA AIRPORT NY US,20140502,0,0,0,0,2014-05-02
306,NEW YORK LAGUARDIA AIRPORT NY US,20140503,8,0,0,1,2014-05-03
307,NEW YORK LAGUARDIA AIRPORT NY US,20140504,0,0,0,0,2014-05-04
308,NEW YORK LAGUARDIA AIRPORT NY US,20140505,0,0,0,0,2014-05-05
309,NEW YORK LAGUARDIA AIRPORT NY US,20140506,0,0,0,0,2014-05-06
310,NEW YORK LAGUARDIA AIRPORT NY US,20140507,0,0,0,0,2014-05-07
311,NEW YORK LAGUARDIA AIRPORT NY US,20140508,99,0,0,1,2014-05-08
312,NEW YORK LAGUARDIA AIRPORT NY US,20140509,5,0,0,1,2014-05-09
313,NEW YORK LAGUARDIA AIRPORT NY US,20140510,231,0,0,1,2014-05-10
314,NEW YORK LAGUARDIA AIRPORT NY US,20140511,5,0,0,1,2014-05-11
315,NEW YORK LAGUARDIA AIRPORT NY US,20140512,0,0,0,0,2014-05-12
316,NEW YORK LAGUARDIA AIRPORT NY US,20140513,0,0,0,0,2014-05-13
317,NEW YORK LAGUARDIA AIRPORT NY US,20140514,0,0,0,0,2014-05-14
318,NEW YORK LAGUARDIA AIRPORT NY US,20140515,36,0,0,1,2014-05-15
319,NEW YORK LAGUARDIA AIRPORT NY US,20140516,409,0,0,1,2014-05-16
320,NEW YORK LAGUARDIA AIRPORT NY US,20140517,0,0,0,0,2014-05-17
321,NEW YORK LAGUARDIA AIRPORT NY US,20140518,0,0,0,0,2014-05-18
322,NEW YORK LAGUARDIA AIRPORT NY US,20140519,0,0,0,0,2014-05-19
323,NEW YORK LAGUARDIA AIRPORT NY US,20140520,0,0,0,0,2014-05-20
324,NEW YORK LAGUARDIA AIRPORT NY US,20140521,0,0,0,0,2014-05-21
325,NEW YORK LAGUARDIA AIRPORT NY US,20140522,71,0,0,1,2014-05-22
326,NEW YORK LAGUARDIA AIRPORT NY US,20140523,272,0,0,1,2014-05-23
327,NEW YORK LAGUARDIA AIRPORT NY US,20140524,10,0,0,1,2014-05-24
328,NEW YORK LAGUARDIA AIRPORT NY US,20140525,0,0,0,0,2014-05-25
329,NEW YORK LAGUARDIA AIRPORT NY US,20140526,0,0,0,0,2014-05-26
330,NEW YORK LAGUARDIA AIRPORT NY US,20140527,0,0,0,0,2014-05-27
331,NEW YORK LAGUARDIA AIRPORT NY US,20140528,0,0,0,0,2014-05-28
332,NEW YORK LAGUARDIA AIRPORT NY US,20140529,0,0,0,0,2014-05-29
333,NEW YORK LAGUARDIA AIRPORT NY US,20140530,8,0,0,1,2014-05-30
334,NEW YORK LAGUARDIA AIRPORT NY US,20140531,3,0,0,1,2014-05-31
335,NEW YORK LAGUARDIA AIRPORT NY US,20140601,0,0,0,0,2014-06-01
336,NEW YORK LAGUARDIA AIRPORT NY US,20140602,0,0,0,0,2014-06-02
337,NEW YORK LAGUARDIA AIRPORT NY US,20140603,15,0,0,1,2014-06-03
338,NEW YORK LAGUARDIA AIRPORT NY US,20140604,0,0,0,0,2014-06-04
339,NEW YORK LAGUARDIA AIRPORT NY US,20140605,178,0,0,1,2014-06-05
340,NEW YORK LAGUARDIA AIRPORT NY US,20140606,0,0,0,0,2014-06-06
341,NEW YORK LAGUARDIA AIRPORT NY US,20140607,0,0,0,0,2014-06-07
342,NEW YORK LAGUARDIA AIRPORT NY US,20140608,0,0,0,0,2014-06-08
343,NEW YORK LAGUARDIA AIRPORT NY US,20140609,315,0,0,1,2014-06-09
344,NEW YORK LAGUARDIA AIRPORT NY US,20140610,0,0,0,0,2014-06-10
345,NEW YORK LAGUARDIA AIRPORT NY US,20140611,13,0,0,1,2014-06-11
346,NEW YORK LAGUARDIA AIRPORT NY US,20140612,5,0,0,1,2014-06-12
347,NEW YORK LAGUARDIA AIRPORT NY US,20140613,394,0,0,1,2014-06-13
348,NEW YORK LAGUARDIA AIRPORT NY US,20140614,0,0,0,0,2014-06-14
349,NEW YORK LAGUARDIA AIRPORT NY US,20140615,0,0,0,0,2014-06-15
350,NEW YORK LAGUARDIA AIRPORT NY US,20140616,0,0,0,0,2014-06-16
351,NEW YORK LAGUARDIA AIRPORT NY US,20140617,0,0,0,0,2014-06-17
352,NEW YORK LAGUARDIA AIRPORT NY US,20140618,0,0,0,0,2014-06-18
353,NEW YORK LAGUARDIA AIRPORT NY US,20140619,0,0,0,0,2014-06-19
354,NEW YORK LAGUARDIA AIRPORT NY US,20140620,0,0,0,0,2014-06-20
355,NEW YORK LAGUARDIA AIRPORT NY US,20140621,0,0,0,0,2014-06-21
356,NEW YORK LAGUARDIA AIRPORT NY US,20140622,0,0,0,0,2014-06-22
357,NEW YORK LAGUARDIA AIRPORT NY US,20140623,0,0,0,0,2014-06-23
358,NEW YORK LAGUARDIA AIRPORT NY US,20140624,0,0,0,0,2014-06-24
359,NEW YORK LAGUARDIA AIRPORT NY US,20140625,0,0,0,0,2014-06-25
360,NEW YORK LAGUARDIA AIRPORT NY US,20140626,18,0,0,1,2014-06-26
361,NEW YORK LAGUARDIA AIRPORT NY US,20140627,0,0,0,0,2014-06-27
362,NEW YORK LAGUARDIA AIRPORT NY US,20140628,0,0,0,0,2014-06-28
363,NEW YORK LAGUARDIA AIRPORT NY US,20140629,0,0,0,0,2014-06-29
364,NEW YORK LAGUARDIA AIRPORT NY US,20140630,0,0,0,0,2014-06-30
365,NEW YORK LAGUARDIA AIRPORT NY US,20140701,0,0,0,0,2014-07-01
366,NEW YORK LAGUARDIA AIRPORT NY US,20140702,160,0,0,1,2014-07-02
367,NEW YORK LAGUARDIA AIRPORT NY US,20140703,185,0,0,1,2014-07-03
368,NEW YORK LAGUARDIA AIRPORT NY US,20140704,41,0,0,1,2014-07-04
369,NEW YORK LAGUARDIA AIRPORT NY US,20140705,0,0,0,0,2014-07-05
370,NEW YORK LAGUARDIA AIRPORT NY US,20140706,0,0,0,0,2014-07-06
371,NEW YORK LAGUARDIA AIRPORT NY US,20140707,0,0,0,0,2014-07-07
372,NEW YORK LAGUARDIA AIRPORT NY US,20140708,46,0,0,1,2014-07-08
373,NEW YORK LAGUARDIA AIRPORT NY US,20140709,0,0,0,0,2014-07-09
374,NEW YORK LAGUARDIA AIRPORT NY US,20140710,0,0,0,0,2014-07-10
375,NEW YORK LAGUARDIA AIRPORT NY US,20140711,0,0,0,0,2014-07-11
376,NEW YORK LAGUARDIA AIRPORT NY US,20140712,0,0,0,0,2014-07-12
377,NEW YORK LAGUARDIA AIRPORT NY US,20140713,61,0,0,1,2014-07-13
378,NEW YORK LAGUARDIA AIRPORT NY US,20140714,188,0,0,1,2014-07-14
379,NEW YORK LAGUARDIA AIRPORT NY US,20140715,236,0,0,1,2014-07-15
380,NEW YORK LAGUARDIA AIRPORT NY US,20140716,0,0,0,0,2014-07-16
381,NEW YORK LAGUARDIA AIRPORT NY US,20140717,0,0,0,0,2014-07-17
382,NEW YORK LAGUARDIA AIRPORT NY US,20140718,0,0,0,0,2014-07-18
383,NEW YORK LAGUARDIA AIRPORT NY US,20140719,0,0,0,0,2014-07-19
384,NEW YORK LAGUARDIA AIRPORT NY US,20140720,0,0,0,0,2014-07-20
385,NEW YORK LAGUARDIA AIRPORT NY US,20140721,0,0,0,0,2014-07-21
386,NEW YORK LAGUARDIA AIRPORT NY US,20140722,0,0,0,0,2014-07-22
387,NEW YORK LAGUARDIA AIRPORT NY US,20140723,30,0,0,1,2014-07-23
388,NEW YORK LAGUARDIA AIRPORT NY US,20140724,0,0,0,0,2014-07-24
389,NEW YORK LAGUARDIA AIRPORT NY US,20140725,0,0,0,0,2014-07-25
390,NEW YORK LAGUARDIA AIRPORT NY US,20140726,0,0,0,0,2014-07-26
391,NEW YORK LAGUARDIA AIRPORT NY US,20140727,0,0,0,0,2014-07-27
392,NEW YORK LAGUARDIA AIRPORT NY US,20140728,66,0,0,1,2014-07-28
393,NEW YORK LAGUARDIA AIRPORT NY US,20140729,0,0,0,0,2014-07-29
394,NEW YORK LAGUARDIA AIRPORT NY US,20140730,0,0,0,0,2014-07-30
395,NEW YORK LAGUARDIA AIRPORT NY US,20140731,0,0,0,0,2014-07-31
396,NEW YORK LAGUARDIA AIRPORT NY US,20140801,0,0,0,0,2014-08-01
397,NEW YORK LAGUARDIA AIRPORT NY US,20140802,102,0,0,1,2014-08-02
398,NEW YORK LAGUARDIA AIRPORT NY US,20140803,18,0,0,1,2014-08-03
399,NEW YORK LAGUARDIA AIRPORT NY US,20140804,0,0,0,0,2014-08-04
400,NEW YORK LAGUARDIA AIRPORT NY US,20140805,0,0,0,0,2014-08-05
401,NEW YORK LAGUARDIA AIRPORT NY US,20140806,0,0,0,0,2014-08-06
402,NEW YORK LAGUARDIA AIRPORT NY US,20140807,0,0,0,0,2014-08-07
403,NEW YORK LAGUARDIA AIRPORT NY US,20140808,0,0,0,0,2014-08-08
404,NEW YORK LAGUARDIA AIRPORT NY US,20140809,0,0,0,0,2014-08-09
405,NEW YORK LAGUARDIA AIRPORT NY US,20140810,0,0,0,0,2014-08-10
406,NEW YORK LAGUARDIA AIRPORT NY US,20140811,0,0,0,0,2014-08-11
407,NEW YORK LAGUARDIA AIRPORT NY US,20140812,36,0,0,1,2014-08-12
408,NEW YORK LAGUARDIA AIRPORT NY US,20140813,198,0,0,1,2014-08-13
409,NEW YORK LAGUARDIA AIRPORT NY US,20140814,0,0,0,0,2014-08-14
410,NEW YORK LAGUARDIA AIRPORT NY US,20140815,0,0,0,0,2014-08-15
411,NEW YORK LAGUARDIA AIRPORT NY US,20140816,0,0,0,0,2014-08-16
412,NEW YORK LAGUARDIA AIRPORT NY US,20140817,3,0,0,1,2014-08-17
413,NEW YORK LAGUARDIA AIRPORT NY US,20140818,0,0,0,0,2014-08-18
414,NEW YORK LAGUARDIA AIRPORT NY US,20140819,0,0,0,0,2014-08-19
415,NEW YORK LAGUARDIA AIRPORT NY US,20140820,0,0,0,0,2014-08-20
416,NEW YORK LAGUARDIA AIRPORT NY US,20140821,315,0,0,1,2014-08-21
417,NEW YORK LAGUARDIA AIRPORT NY US,20140822,18,0,0,1,2014-08-22
418,NEW YORK LAGUARDIA AIRPORT NY US,20140823,0,0,0,0,2014-08-23
419,NEW YORK LAGUARDIA AIRPORT NY US,20140824,0,0,0,0,2014-08-24
420,NEW YORK LAGUARDIA AIRPORT NY US,20140825,0,0,0,0,2014-08-25
421,NEW YORK LAGUARDIA AIRPORT NY US,20140826,0,0,0,0,2014-08-26
422,NEW YORK LAGUARDIA AIRPORT NY US,20140827,0,0,0,0,2014-08-27
423,NEW YORK LAGUARDIA AIRPORT NY US,20140828,0,0,0,0,2014-08-28
424,NEW YORK LAGUARDIA AIRPORT NY US,20140829,0,0,0,0,2014-08-29
425,NEW YORK LAGUARDIA AIRPORT NY US,20140830,0,0,0,0,2014-08-30
426,NEW YORK LAGUARDIA AIRPORT NY US,20140831,201,0,0,1,2014-08-31
427,NEW YORK LAGUARDIA AIRPORT NY US,20140901,0,0,0,0,2014-09-01
428,NEW YORK LAGUARDIA AIRPORT NY US,20140902,0,0,0,0,2014-09-02
429,NEW YORK LAGUARDIA AIRPORT NY US,20140903,0,0,0,0,2014-09-03
430,NEW YORK LAGUARDIA AIRPORT NY US,20140904,0,0,0,0,2014-09-04
431,NEW YORK LAGUARDIA AIRPORT NY US,20140905,0,0,0,0,2014-09-05
432,NEW YORK LAGUARDIA AIRPORT NY US,20140906,53,0,0,1,2014-09-06
433,NEW YORK LAGUARDIA AIRPORT NY US,20140907,0,0,0,0,2014-09-07
434,NEW YORK LAGUARDIA AIRPORT NY US,20140908,0,0,0,0,2014-09-08
435,NEW YORK LAGUARDIA AIRPORT NY US,20140909,0,0,0,0,2014-09-09
436,NEW YORK LAGUARDIA AIRPORT NY US,20140910,0,0,0,0,2014-09-10
437,NEW YORK LAGUARDIA AIRPORT NY US,20140911,0,0,0,0,2014-09-11
438,NEW YORK LAGUARDIA AIRPORT NY US,20140912,0,0,0,0,2014-09-12
439,NEW YORK LAGUARDIA AIRPORT NY US,20140913,48,0,0,1,2014-09-13
440,NEW YORK LAGUARDIA AIRPORT NY US,20140914,0,0,0,0,2014-09-14
441,NEW YORK LAGUARDIA AIRPORT NY US,20140915,0,0,0,0,2014-09-15
442,NEW YORK LAGUARDIA AIRPORT NY US,20140916,107,0,0,1,2014-09-16
443,NEW YORK LAGUARDIA AIRPORT NY US,20140917,0,0,0,0,2014-09-17
444,NEW YORK LAGUARDIA AIRPORT NY US,20140918,0,0,0,0,2014-09-18
445,NEW YORK LAGUARDIA AIRPORT NY US,20140919,0,0,0,0,2014-09-19
446,NEW YORK LAGUARDIA AIRPORT NY US,20140920,0,0,0,0,2014-09-20
447,NEW YORK LAGUARDIA AIRPORT NY US,20140921,53,0,0,1,2014-09-21
448,NEW YORK LAGUARDIA AIRPORT NY US,20140922,0,0,0,0,2014-09-22
449,NEW YORK LAGUARDIA AIRPORT NY US,20140923,0,0,0,0,2014-09-23
450,NEW YORK LAGUARDIA AIRPORT NY US,20140924,0,0,0,0,2014-09-24
451,NEW YORK LAGUARDIA AIRPORT NY US,20140925,43,0,0,1,2014-09-25
452,NEW YORK LAGUARDIA AIRPORT NY US,20140926,0,0,0,0,2014-09-26
453,NEW YORK LAGUARDIA AIRPORT NY US,20140927,0,0,0,0,2014-09-27
454,NEW YORK LAGUARDIA AIRPORT NY US,20140928,0,0,0,0,2014-09-28
455,NEW YORK LAGUARDIA AIRPORT NY US,20140929,0,0,0,0,2014-09-29
456,NEW YORK LAGUARDIA AIRPORT NY US,20140930,10,0,0,1,2014-09-30
457,NEW YORK LAGUARDIA AIRPORT NY US,20141001,0,0,0,0,2014-10-01
458,NEW YORK LAGUARDIA AIRPORT NY US,20141002,0,0,0,0,2014-10-02
459,NEW YORK LAGUARDIA AIRPORT NY US,20141003,0,0,0,0,2014-10-03
460,NEW YORK LAGUARDIA AIRPORT NY US,20141004,267,0,0,1,2014-10-04
461,NEW YORK LAGUARDIA AIRPORT NY US,20141005,0,0,0,0,2014-10-05
462,NEW YORK LAGUARDIA AIRPORT NY US,20141006,0,0,0,0,2014-10-06
463,NEW YORK LAGUARDIA AIRPORT NY US,20141007,8,0,0,1,2014-10-07
464,NEW YORK LAGUARDIA AIRPORT NY US,20141008,8,0,0,1,2014-10-08
465,NEW YORK LAGUARDIA AIRPORT NY US,20141009,0,0,0,0,2014-10-09
466,NEW YORK LAGUARDIA AIRPORT NY US,20141010,0,0,0,0,2014-10-10
467,NEW YORK LAGUARDIA AIRPORT NY US,20141011,84,0,0,1,2014-10-11
468,NEW YORK LAGUARDIA AIRPORT NY US,20141012,0,0,0,0,2014-10-12
469,NEW YORK LAGUARDIA AIRPORT NY US,20141013,8,0,0,1,2014-10-13
470,NEW YORK LAGUARDIA AIRPORT NY US,20141014,0,0,0,0,2014-10-14
471,NEW YORK LAGUARDIA AIRPORT NY US,20141015,8,0,0,1,2014-10-15
472,NEW YORK LAGUARDIA AIRPORT NY US,20141016,196,0,0,1,2014-10-16
473,NEW YORK LAGUARDIA AIRPORT NY US,20141017,0,0,0,0,2014-10-17
474,NEW YORK LAGUARDIA AIRPORT NY US,20141018,0,0,0,0,2014-10-18
475,NEW YORK LAGUARDIA AIRPORT NY US,20141019,0,0,0,0,2014-10-19
476,NEW YORK LAGUARDIA AIRPORT NY US,20141020,0,0,0,0,2014-10-20
477,NEW YORK LAGUARDIA AIRPORT NY US,20141021,0,0,0,0,2014-10-21
478,NEW YORK LAGUARDIA AIRPORT NY US,20141022,320,0,0,1,2014-10-22
479,NEW YORK LAGUARDIA AIRPORT NY US,20141023,81,0,0,1,2014-10-23
480,NEW YORK LAGUARDIA AIRPORT NY US,20141024,0,0,0,0,2014-10-24
481,NEW YORK LAGUARDIA AIRPORT NY US,20141025,0,0,0,0,2014-10-25
482,NEW YORK LAGUARDIA AIRPORT NY US,20141026,0,0,0,0,2014-10-26
483,NEW YORK LAGUARDIA AIRPORT NY US,20141027,0,0,0,0,2014-10-27
484,NEW YORK LAGUARDIA AIRPORT NY US,20141028,0,0,0,0,2014-10-28
485,NEW YORK LAGUARDIA AIRPORT NY US,20141029,0,0,0,0,2014-10-29
486,NEW YORK LAGUARDIA AIRPORT NY US,20141030,0,0,0,0,2014-10-30
487,NEW YORK LAGUARDIA AIRPORT NY US,20141031,10,0,0,1,2014-10-31
488,NEW YORK LAGUARDIA AIRPORT NY US,20141101,46,0,0,1,2014-11-01
489,NEW YORK LAGUARDIA AIRPORT NY US,20141102,0,0,0,0,2014-11-02
490,NEW YORK LAGUARDIA AIRPORT NY US,20141103,0,0,0,0,2014-11-03
491,NEW YORK LAGUARDIA AIRPORT NY US,20141104,0,0,0,0,2014-11-04
492,NEW YORK LAGUARDIA AIRPORT NY US,20141105,0,0,0,0,2014-11-05
493,NEW YORK LAGUARDIA AIRPORT NY US,20141106,86,0,0,1,2014-11-06
494,NEW YORK LAGUARDIA AIRPORT NY US,20141107,0,0,0,0,2014-11-07
495,NEW YORK LAGUARDIA AIRPORT NY US,20141108,0,0,0,0,2014-11-08
496,NEW YORK LAGUARDIA AIRPORT NY US,20141109,0,0,0,0,2014-11-09
497,NEW YORK LAGUARDIA AIRPORT NY US,20141110,0,0,0,0,2014-11-10
498,NEW YORK LAGUARDIA AIRPORT NY US,20141111,0,0,0,0,2014-11-11
499,NEW YORK LAGUARDIA AIRPORT NY US,20141112,0,0,0,0,2014-11-12
500,NEW YORK LAGUARDIA AIRPORT NY US,20141113,43,0,0,1,2014-11-13
501,NEW YORK LAGUARDIA AIRPORT NY US,20141114,8,0,0,1,2014-11-14
502,NEW YORK LAGUARDIA AIRPORT NY US,20141115,0,0,0,0,2014-11-15
503,NEW YORK LAGUARDIA AIRPORT NY US,20141116,5,0,0,1,2014-11-16
504,NEW YORK LAGUARDIA AIRPORT NY US,20141117,378,0,0,1,2014-11-17
505,NEW YORK LAGUARDIA AIRPORT NY US,20141118,0,0,0,0,2014-11-18
506,NEW YORK LAGUARDIA AIRPORT NY US,20141119,0,0,0,0,2014-11-19
507,NEW YORK LAGUARDIA AIRPORT NY US,20141120,0,0,0,0,2014-11-20
508,NEW YORK LAGUARDIA AIRPORT NY US,20141121,0,0,0,0,2014-11-21
509,NEW YORK LAGUARDIA AIRPORT NY US,20141122,0,0,0,0,2014-11-22
510,NEW YORK LAGUARDIA AIRPORT NY US,20141123,0,0,0,0,2014-11-23
511,NEW YORK LAGUARDIA AIRPORT NY US,20141124,155,0,0,1,2014-11-24
512,NEW YORK LAGUARDIA AIRPORT NY US,20141125,0,0,0,0,2014-11-25
513,NEW YORK LAGUARDIA AIRPORT NY US,20141126,272,0,10,1,2014-11-26
514,NEW YORK LAGUARDIA AIRPORT NY US,20141127,3,0,0,1,2014-11-27
515,NEW YORK LAGUARDIA AIRPORT NY US,20141128,0,0,0,0,2014-11-28
516,NEW YORK LAGUARDIA AIRPORT NY US,20141129,0,0,0,0,2014-11-29
517,NEW YORK LAGUARDIA AIRPORT NY US,20141130,0,0,0,0,2014-11-30
518,NEW YORK LAGUARDIA AIRPORT NY US,20141201,13,0,0,1,2014-12-01
519,NEW YORK LAGUARDIA AIRPORT NY US,20141202,28,0,0,1,2014-12-02
520,NEW YORK LAGUARDIA AIRPORT NY US,20141203,25,0,0,1,2014-12-03
521,NEW YORK LAGUARDIA AIRPORT NY US,20141204,0,0,0,0,2014-12-04
522,NEW YORK LAGUARDIA AIRPORT NY US,20141205,132,0,0,1,2014-12-05
523,NEW YORK LAGUARDIA AIRPORT NY US,20141206,328,0,0,1,2014-12-06
524,NEW YORK LAGUARDIA AIRPORT NY US,20141207,8,0,0,1,2014-12-07
525,NEW YORK LAGUARDIA AIRPORT NY US,20141208,0,0,0,0,2014-12-08
526,NEW YORK LAGUARDIA AIRPORT NY US,20141209,681,0,0,1,2014-12-09
527,NEW YORK LAGUARDIA AIRPORT NY US,20141210,36,0,25,1,2014-12-10
528,NEW YORK LAGUARDIA AIRPORT NY US,20141211,8,30,8,1,2014-12-11
529,NEW YORK LAGUARDIA AIRPORT NY US,20141212,0,0,0,0,2014-12-12
530,NEW YORK LAGUARDIA AIRPORT NY US,20141213,0,0,0,0,2014-12-13
531,NEW YORK LAGUARDIA AIRPORT NY US,20141214,0,0,0,0,2014-12-14
532,NEW YORK LAGUARDIA AIRPORT NY US,20141215,0,0,0,0,2014-12-15
533,NEW YORK LAGUARDIA AIRPORT NY US,20141216,41,0,0,1,2014-12-16
534,NEW YORK LAGUARDIA AIRPORT NY US,20141217,8,0,0,1,2014-12-17
535,NEW YORK LAGUARDIA AIRPORT NY US,20141218,0,0,0,0,2014-12-18
536,NEW YORK LAGUARDIA AIRPORT NY US,20141219,0,0,0,0,2014-12-19
537,NEW YORK LAGUARDIA AIRPORT NY US,20141220,0,0,0,0,2014-12-20
538,NEW YORK LAGUARDIA AIRPORT NY US,20141221,0,0,0,0,2014-12-21
539,NEW YORK LAGUARDIA AIRPORT NY US,20141222,10,0,0,1,2014-12-22
540,NEW YORK LAGUARDIA AIRPORT NY US,20141223,46,0,0,1,2014-12-23
541,NEW YORK LAGUARDIA AIRPORT NY US,20141224,170,0,0,1,2014-12-24
542,NEW YORK LAGUARDIA AIRPORT NY US,20141225,18,0,0,1,2014-12-25
543,NEW YORK LAGUARDIA AIRPORT NY US,20141226,0,0,0,0,2014-12-26
544,NEW YORK LAGUARDIA AIRPORT NY US,20141227,0,0,0,0,2014-12-27
545,NEW YORK LAGUARDIA AIRPORT NY US,20141228,25,0,0,1,2014-12-28
546,NEW YORK LAGUARDIA AIRPORT NY US,20141229,0,0,0,0,2014-12-29
547,NEW YORK LAGUARDIA AIRPORT NY US,20141230,0,0,0,0,2014-12-30
548,NEW YORK LAGUARDIA AIRPORT NY US,20141231,0,0,0,0,2014-12-31
549,NEW YORK LAGUARDIA AIRPORT NY US,20150101,0,0,0,0,2015-01-01
550,NEW YORK LAGUARDIA AIRPORT NY US,20150102,0,0,0,0,2015-01-02
551,NEW YORK LAGUARDIA AIRPORT NY US,20150103,170,0,0,1,2015-01-03
552,NEW YORK LAGUARDIA AIRPORT NY US,20150104,79,0,0,1,2015-01-04
553,NEW YORK LAGUARDIA AIRPORT NY US,20150105,0,0,0,0,2015-01-05
554,NEW YORK LAGUARDIA AIRPORT NY US,20150106,13,0,25,1,2015-01-06
555,NEW YORK LAGUARDIA AIRPORT NY US,20150107,0,30,0,0,2015-01-07
556,NEW YORK LAGUARDIA AIRPORT NY US,20150108,0,0,0,0,2015-01-08
557,NEW YORK LAGUARDIA AIRPORT NY US,20150109,30,0,46,1,2015-01-09
558,NEW YORK LAGUARDIA AIRPORT NY US,20150110,0,30,0,0,2015-01-10
559,NEW YORK LAGUARDIA AIRPORT NY US,20150111,0,0,0,0,2015-01-11
560,NEW YORK LAGUARDIA AIRPORT NY US,20150112,99,0,0,1,2015-01-12
561,NEW YORK LAGUARDIA AIRPORT NY US,20150113,0,0,0,0,2015-01-13
562,NEW YORK LAGUARDIA AIRPORT NY US,20150114,0,0,0,0,2015-01-14
563,NEW YORK LAGUARDIA AIRPORT NY US,20150115,0,0,0,0,2015-01-15
564,NEW YORK LAGUARDIA AIRPORT NY US,20150116,0,0,0,0,2015-01-16
565,NEW YORK LAGUARDIA AIRPORT NY US,20150117,0,0,0,0,2015-01-17
566,NEW YORK LAGUARDIA AIRPORT NY US,20150118,503,0,0,1,2015-01-18
567,NEW YORK LAGUARDIA AIRPORT NY US,20150119,0,0,0,0,2015-01-19
568,NEW YORK LAGUARDIA AIRPORT NY US,20150120,0,0,0,0,2015-01-20
569,NEW YORK LAGUARDIA AIRPORT NY US,20150121,0,0,0,0,2015-01-21
570,NEW YORK LAGUARDIA AIRPORT NY US,20150122,0,0,0,0,2015-01-22
571,NEW YORK LAGUARDIA AIRPORT NY US,20150123,0,0,0,0,2015-01-23
572,NEW YORK LAGUARDIA AIRPORT NY US,20150124,185,80,104,1,2015-01-24
573,NEW YORK LAGUARDIA AIRPORT NY US,20150125,0,30,0,0,2015-01-25
574,NEW YORK LAGUARDIA AIRPORT NY US,20150126,76,30,152,1,2015-01-26
575,NEW YORK LAGUARDIA AIRPORT NY US,20150127,64,230,127,1,2015-01-27
576,NEW YORK LAGUARDIA AIRPORT NY US,20150128,0,200,0,0,2015-01-28
577,NEW YORK LAGUARDIA AIRPORT NY US,20150129,8,150,8,1,2015-01-29
578,NEW YORK LAGUARDIA AIRPORT NY US,20150130,38,180,38,1,2015-01-30
579,NEW YORK LAGUARDIA AIRPORT NY US,20150131,0,150,0,0,2015-01-31
580,NEW YORK LAGUARDIA AIRPORT NY US,20150201,10,130,10,1,2015-02-01
581,NEW YORK LAGUARDIA AIRPORT NY US,20150202,274,230,155,1,2015-02-02
582,NEW YORK LAGUARDIA AIRPORT NY US,20150203,0,230,0,0,2015-02-03
583,NEW YORK LAGUARDIA AIRPORT NY US,20150204,0,230,0,0,2015-02-04
584,NEW YORK LAGUARDIA AIRPORT NY US,20150205,0,150,0,0,2015-02-05
585,NEW YORK LAGUARDIA AIRPORT NY US,20150206,0,150,0,0,2015-02-06
586,NEW YORK LAGUARDIA AIRPORT NY US,20150207,3,130,5,1,2015-02-07
587,NEW YORK LAGUARDIA AIRPORT NY US,20150208,0,100,0,0,2015-02-08
588,NEW YORK LAGUARDIA AIRPORT NY US,20150209,18,80,5,1,2015-02-09
589,NEW YORK LAGUARDIA AIRPORT NY US,20150210,0,100,0,0,2015-02-10
590,NEW YORK LAGUARDIA AIRPORT NY US,20150211,0,100,0,0,2015-02-11
591,NEW YORK LAGUARDIA AIRPORT NY US,20150212,0,100,0,0,2015-02-12
592,NEW YORK LAGUARDIA AIRPORT NY US,20150213,0,100,0,0,2015-02-13
593,NEW YORK LAGUARDIA AIRPORT NY US,20150214,13,100,15,1,2015-02-14
594,NEW YORK LAGUARDIA AIRPORT NY US,20150215,3,130,5,1,2015-02-15
595,NEW YORK LAGUARDIA AIRPORT NY US,20150216,0,130,0,0,2015-02-16
596,NEW YORK LAGUARDIA AIRPORT NY US,20150217,33,200,81,1,2015-02-17
597,NEW YORK LAGUARDIA AIRPORT NY US,20150218,0,180,3,1,2015-02-18
598,NEW YORK LAGUARDIA AIRPORT NY US,20150219,0,130,0,0,2015-02-19
599,NEW YORK LAGUARDIA AIRPORT NY US,20150220,0,130,0,0,2015-02-20
600,NEW YORK LAGUARDIA AIRPORT NY US,20150221,152,130,91,1,2015-02-21
601,NEW YORK LAGUARDIA AIRPORT NY US,20150222,28,200,13,1,2015-02-22
602,NEW YORK LAGUARDIA AIRPORT NY US,20150223,0,150,0,0,2015-02-23
603,NEW YORK LAGUARDIA AIRPORT NY US,20150224,0,150,0,0,2015-02-24
604,NEW YORK LAGUARDIA AIRPORT NY US,20150225,0,150,0,0,2015-02-25
605,NEW YORK LAGUARDIA AIRPORT NY US,20150226,0,130,0,0,2015-02-26
606,NEW YORK LAGUARDIA AIRPORT NY US,20150227,0,130,0,0,2015-02-27
607,NEW YORK LAGUARDIA AIRPORT NY US,20150228,0,130,0,0,2015-02-28
608,NEW YORK LAGUARDIA AIRPORT NY US,20150301,122,80,89,1,2015-03-01
609,NEW YORK LAGUARDIA AIRPORT NY US,20150302,0,150,0,0,2015-03-02
610,NEW YORK LAGUARDIA AIRPORT NY US,20150303,183,130,25,1,2015-03-03
611,NEW YORK LAGUARDIA AIRPORT NY US,20150304,64,100,0,1,2015-03-04
612,NEW YORK LAGUARDIA AIRPORT NY US,20150305,152,80,206,1,2015-03-05
613,NEW YORK LAGUARDIA AIRPORT NY US,20150306,0,280,0,0,2015-03-06
614,NEW YORK LAGUARDIA AIRPORT NY US,20150307,0,150,0,0,2015-03-07
615,NEW YORK LAGUARDIA AIRPORT NY US,20150308,0,130,0,0,2015-03-08
616,NEW YORK LAGUARDIA AIRPORT NY US,20150309,5,80,0,1,2015-03-09
617,NEW YORK LAGUARDIA AIRPORT NY US,20150310,107,30,0,1,2015-03-10
618,NEW YORK LAGUARDIA AIRPORT NY US,20150311,5,0,0,1,2015-03-11
619,NEW YORK LAGUARDIA AIRPORT NY US,20150312,0,0,0,0,2015-03-12
620,NEW YORK LAGUARDIA AIRPORT NY US,20150313,0,0,0,0,2015-03-13
621,NEW YORK LAGUARDIA AIRPORT NY US,20150314,259,0,0,1,2015-03-14
622,NEW YORK LAGUARDIA AIRPORT NY US,20150315,0,0,0,0,2015-03-15
623,NEW YORK LAGUARDIA AIRPORT NY US,20150316,0,0,0,0,2015-03-16
624,NEW YORK LAGUARDIA AIRPORT NY US,20150317,3,0,0,1,2015-03-17
625,NEW YORK LAGUARDIA AIRPORT NY US,20150318,0,0,0,0,2015-03-18
626,NEW YORK LAGUARDIA AIRPORT NY US,20150319,0,0,0,0,2015-03-19
627,NEW YORK LAGUARDIA AIRPORT NY US,20150320,71,0,117,1,2015-03-20
628,NEW YORK LAGUARDIA AIRPORT NY US,20150321,3,100,3,1,2015-03-21
629,NEW YORK LAGUARDIA AIRPORT NY US,20150322,0,0,0,0,2015-03-22
630,NEW YORK LAGUARDIA AIRPORT NY US,20150323,0,0,0,0,2015-03-23
631,NEW YORK LAGUARDIA AIRPORT NY US,20150324,0,0,0,0,2015-03-24
632,NEW YORK LAGUARDIA AIRPORT NY US,20150325,13,0,0,1,2015-03-25
633,NEW YORK LAGUARDIA AIRPORT NY US,20150326,61,0,0,1,2015-03-26
634,NEW YORK LAGUARDIA AIRPORT NY US,20150327,71,0,0,1,2015-03-27
635,NEW YORK LAGUARDIA AIRPORT NY US,20150328,0,0,0,0,2015-03-28
636,NEW YORK LAGUARDIA AIRPORT NY US,20150329,0,0,0,0,2015-03-29
637,NEW YORK LAGUARDIA AIRPORT NY US,20150330,0,0,0,0,2015-03-30
638,NEW YORK LAGUARDIA AIRPORT NY US,20150331,36,0,0,1,2015-03-31
639,NEW YORK LAGUARDIA AIRPORT NY US,20150401,0,0,0,0,2015-04-01
640,NEW YORK LAGUARDIA AIRPORT NY US,20150402,0,0,0,0,2015-04-02
641,NEW YORK LAGUARDIA AIRPORT NY US,20150403,10,0,0,1,2015-04-03
642,NEW YORK LAGUARDIA AIRPORT NY US,20150404,0,0,0,0,2015-04-04
643,NEW YORK LAGUARDIA AIRPORT NY US,20150405,0,0,0,0,2015-04-05
644,NEW YORK LAGUARDIA AIRPORT NY US,20150406,0,0,0,0,2015-04-06
645,NEW YORK LAGUARDIA AIRPORT NY US,20150407,43,0,0,1,2015-04-07
646,NEW YORK LAGUARDIA AIRPORT NY US,20150408,0,0,0,0,2015-04-08
647,NEW YORK LAGUARDIA AIRPORT NY US,20150409,3,0,0,1,2015-04-09
648,NEW YORK LAGUARDIA AIRPORT NY US,20150410,61,0,0,1,2015-04-10
649,NEW YORK LAGUARDIA AIRPORT NY US,20150411,0,0,0,0,2015-04-11
650,NEW YORK LAGUARDIA AIRPORT NY US,20150412,0,0,0,0,2015-04-12
651,NEW YORK LAGUARDIA AIRPORT NY US,20150413,0,0,0,0,2015-04-13
652,NEW YORK LAGUARDIA AIRPORT NY US,20150414,0,0,0,0,2015-04-14
653,NEW YORK LAGUARDIA AIRPORT NY US,20150415,0,0,0,0,2015-04-15
654,NEW YORK LAGUARDIA AIRPORT NY US,20150416,0,0,0,0,2015-04-16
655,NEW YORK LAGUARDIA AIRPORT NY US,20150417,20,0,0,1,2015-04-17
656,NEW YORK LAGUARDIA AIRPORT NY US,20150418,0,0,0,0,2015-04-18
657,NEW YORK LAGUARDIA AIRPORT NY US,20150419,0,0,0,0,2015-04-19
658,NEW YORK LAGUARDIA AIRPORT NY US,20150420,241,0,0,1,2015-04-20
659,NEW YORK LAGUARDIA AIRPORT NY US,20150421,58,0,0,1,2015-04-21
660,NEW YORK LAGUARDIA AIRPORT NY US,20150422,25,0,0,1,2015-04-22
661,NEW YORK LAGUARDIA AIRPORT NY US,20150423,0,0,0,0,2015-04-23
662,NEW YORK LAGUARDIA AIRPORT NY US,20150424,0,0,0,0,2015-04-24
663,NEW YORK LAGUARDIA AIRPORT NY US,20150425,0,0,0,0,2015-04-25
664,NEW YORK LAGUARDIA AIRPORT NY US,20150426,0,0,0,0,2015-04-26
665,NEW YORK LAGUARDIA AIRPORT NY US,20150427,0,0,0,0,2015-04-27
666,NEW YORK LAGUARDIA AIRPORT NY US,20150428,0,0,0,0,2015-04-28
667,NEW YORK LAGUARDIA AIRPORT NY US,20150429,0,0,0,0,2015-04-29
668,NEW YORK LAGUARDIA AIRPORT NY US,20150430,0,0,0,0,2015-04-30
669,NEW YORK LAGUARDIA AIRPORT NY US,20150501,0,0,0,0,2015-05-01
670,NEW YORK LAGUARDIA AIRPORT NY US,20150502,0,0,0,0,2015-05-02
671,NEW YORK LAGUARDIA AIRPORT NY US,20150503,0,0,0,0,2015-05-03
672,NEW YORK LAGUARDIA AIRPORT NY US,20150504,0,0,0,0,2015-05-04
673,NEW YORK LAGUARDIA AIRPORT NY US,20150505,0,0,0,0,2015-05-05
674,NEW YORK LAGUARDIA AIRPORT NY US,20150506,0,0,0,0,2015-05-06
675,NEW YORK LAGUARDIA AIRPORT NY US,20150507,0,0,0,0,2015-05-07
676,NEW YORK LAGUARDIA AIRPORT NY US,20150508,0,0,0,0,2015-05-08
677,NEW YORK LAGUARDIA AIRPORT NY US,20150509,3,0,0,1,2015-05-09
678,NEW YORK LAGUARDIA AIRPORT NY US,20150510,0,0,0,0,2015-05-10
679,NEW YORK LAGUARDIA AIRPORT NY US,20150511,0,0,0,0,2015-05-11
680,NEW YORK LAGUARDIA AIRPORT NY US,20150512,0,0,0,0,2015-05-12
681,NEW YORK LAGUARDIA AIRPORT NY US,20150513,0,0,0,0,2015-05-13
682,NEW YORK LAGUARDIA AIRPORT NY US,20150514,0,0,0,0,2015-05-14
683,NEW YORK LAGUARDIA AIRPORT NY US,20150515,0,0,0,0,2015-05-15
684,NEW YORK LAGUARDIA AIRPORT NY US,20150516,69,0,0,1,2015-05-16
685,NEW YORK LAGUARDIA AIRPORT NY US,20150517,5,0,0,1,2015-05-17
686,NEW YORK LAGUARDIA AIRPORT NY US,20150518,0,0,0,0,2015-05-18
687,NEW YORK LAGUARDIA AIRPORT NY US,20150519,3,0,0,1,2015-05-19
688,NEW YORK LAGUARDIA AIRPORT NY US,20150520,0,0,0,0,2015-05-20
689,NEW YORK LAGUARDIA AIRPORT NY US,20150521,0,0,0,0,2015-05-21
690,NEW YORK LAGUARDIA AIRPORT NY US,20150522,0,0,0,0,2015-05-22
691,NEW YORK LAGUARDIA AIRPORT NY US,20150523,0,0,0,0,2015-05-23
692,NEW YORK LAGUARDIA AIRPORT NY US,20150524,0,0,0,0,2015-05-24
693,NEW YORK LAGUARDIA AIRPORT NY US,20150525,0,0,0,0,2015-05-25
694,NEW YORK LAGUARDIA AIRPORT NY US,20150526,0,0,0,0,2015-05-26
695,NEW YORK LAGUARDIA AIRPORT NY US,20150527,5,0,0,1,2015-05-27
696,NEW YORK LAGUARDIA AIRPORT NY US,20150528,0,0,0,0,2015-05-28
697,NEW YORK LAGUARDIA AIRPORT NY US,20150529,0,0,0,0,2015-05-29
698,NEW YORK LAGUARDIA AIRPORT NY US,20150530,0,0,0,0,2015-05-30
699,NEW YORK LAGUARDIA AIRPORT NY US,20150531,325,0,0,1,2015-05-31
700,NEW YORK LAGUARDIA AIRPORT NY US,20150601,196,0,0,1,2015-06-01
701,NEW YORK LAGUARDIA AIRPORT NY US,20150602,89,0,0,1,2015-06-02
702,NEW YORK LAGUARDIA AIRPORT NY US,20150603,0,0,0,0,2015-06-03
703,NEW YORK LAGUARDIA AIRPORT NY US,20150604,0,0,0,0,2015-06-04
704,NEW YORK LAGUARDIA AIRPORT NY US,20150605,0,0,0,0,2015-06-05
705,NEW YORK LAGUARDIA AIRPORT NY US,20150606,140,0,0,1,2015-06-06
706,NEW YORK LAGUARDIA AIRPORT NY US,20150607,0,0,0,0,2015-06-07
707,NEW YORK LAGUARDIA AIRPORT NY US,20150608,10,0,0,1,2015-06-08
708,NEW YORK LAGUARDIA AIRPORT NY US,20150609,3,0,0,1,2015-06-09
709,NEW YORK LAGUARDIA AIRPORT NY US,20150610,0,0,0,0,2015-06-10
710,NEW YORK LAGUARDIA AIRPORT NY US,20150611,0,0,0,0,2015-06-11
711,NEW YORK LAGUARDIA AIRPORT NY US,20150612,0,0,0,0,2015-06-12
712,NEW YORK LAGUARDIA AIRPORT NY US,20150613,0,0,0,0,2015-06-13
713,NEW YORK LAGUARDIA AIRPORT NY US,20150614,66,0,0,1,2015-06-14
714,NEW YORK LAGUARDIA AIRPORT NY US,20150615,140,0,0,1,2015-06-15
715,NEW YORK LAGUARDIA AIRPORT NY US,20150616,86,0,0,1,2015-06-16
716,NEW YORK LAGUARDIA AIRPORT NY US,20150617,0,0,0,0,2015-06-17
717,NEW YORK LAGUARDIA AIRPORT NY US,20150618,0,0,0,0,2015-06-18
718,NEW YORK LAGUARDIA AIRPORT NY US,20150619,0,0,0,0,2015-06-19
719,NEW YORK LAGUARDIA AIRPORT NY US,20150620,0,0,0,0,2015-06-20
720,NEW YORK LAGUARDIA AIRPORT NY US,20150621,137,0,0,1,2015-06-21
721,NEW YORK LAGUARDIA AIRPORT NY US,20150622,0,0,0,0,2015-06-22
722,NEW YORK LAGUARDIA AIRPORT NY US,20150623,18,0,0,1,2015-06-23
723,NEW YORK LAGUARDIA AIRPORT NY US,20150624,0,0,0,0,2015-06-24
724,NEW YORK LAGUARDIA AIRPORT NY US,20150625,0,0,0,0,2015-06-25
725,NEW YORK LAGUARDIA AIRPORT NY US,20150626,0,0,0,0,2015-06-26
726,NEW YORK LAGUARDIA AIRPORT NY US,20150627,269,0,0,1,2015-06-27
727,NEW YORK LAGUARDIA AIRPORT NY US,20150628,66,0,0,1,2015-06-28
728,NEW YORK LAGUARDIA AIRPORT NY US,20150629,0,0,0,0,2015-06-29
729,NEW YORK LAGUARDIA AIRPORT NY US,20150630,0,0,0,0,2015-06-30
730,NEW YORK LAGUARDIA AIRPORT NY US,20150701,89,0,0,1,2015-07-01
731,NEW YORK LAGUARDIA AIRPORT NY US,20150702,0,0,0,0,2015-07-02
732,NEW YORK LAGUARDIA AIRPORT NY US,20150703,0,0,0,0,2015-07-03
733,NEW YORK LAGUARDIA AIRPORT NY US,20150704,0,0,0,0,2015-07-04
734,NEW YORK LAGUARDIA AIRPORT NY US,20150705,0,0,0,0,2015-07-05
735,NEW YORK LAGUARDIA AIRPORT NY US,20150706,0,0,0,0,2015-07-06
736,NEW YORK LAGUARDIA AIRPORT NY US,20150707,0,0,0,0,2015-07-07
737,NEW YORK LAGUARDIA AIRPORT NY US,20150708,23,0,0,1,2015-07-08
738,NEW YORK LAGUARDIA AIRPORT NY US,20150709,74,0,0,1,2015-07-09
739,NEW YORK LAGUARDIA AIRPORT NY US,20150710,0,0,0,0,2015-07-10
740,NEW YORK LAGUARDIA AIRPORT NY US,20150711,0,0,0,0,2015-07-11
741,NEW YORK LAGUARDIA AIRPORT NY US,20150712,0,0,0,0,2015-07-12
742,NEW YORK LAGUARDIA AIRPORT NY US,20150713,0,0,0,0,2015-07-13
743,NEW YORK LAGUARDIA AIRPORT NY US,20150714,241,0,0,1,2015-07-14
744,NEW YORK LAGUARDIA AIRPORT NY US,20150715,3,0,0,1,2015-07-15
745,NEW YORK LAGUARDIA AIRPORT NY US,20150716,0,0,0,0,2015-07-16
746,NEW YORK LAGUARDIA AIRPORT NY US,20150717,0,0,0,0,2015-07-17
747,NEW YORK LAGUARDIA AIRPORT NY US,20150718,46,0,0,1,2015-07-18
748,NEW YORK LAGUARDIA AIRPORT NY US,20150719,0,0,0,0,2015-07-19
749,NEW YORK LAGUARDIA AIRPORT NY US,20150720,0,0,0,0,2015-07-20
750,NEW YORK LAGUARDIA AIRPORT NY US,20150721,0,0,0,0,2015-07-21
751,NEW YORK LAGUARDIA AIRPORT NY US,20150722,0,0,0,0,2015-07-22
752,NEW YORK LAGUARDIA AIRPORT NY US,20150723,0,0,0,0,2015-07-23
753,NEW YORK LAGUARDIA AIRPORT NY US,20150724,0,0,0,0,2015-07-24
754,NEW YORK LAGUARDIA AIRPORT NY US,20150725,0,0,0,0,2015-07-25
755,NEW YORK LAGUARDIA AIRPORT NY US,20150726,13,0,0,1,2015-07-26
756,NEW YORK LAGUARDIA AIRPORT NY US,20150727,0,0,0,0,2015-07-27
757,NEW YORK LAGUARDIA AIRPORT NY US,20150728,0,0,0,0,2015-07-28
758,NEW YORK LAGUARDIA AIRPORT NY US,20150729,0,0,0,0,2015-07-29
759,NEW YORK LAGUARDIA AIRPORT NY US,20150730,411,0,0,1,2015-07-30
760,NEW YORK LAGUARDIA AIRPORT NY US,20150731,0,0,0,0,2015-07-31
761,NEW YORK LAGUARDIA AIRPORT NY US,20150801,0,0,0,0,2015-08-01
762,NEW YORK LAGUARDIA AIRPORT NY US,20150802,0,0,0,0,2015-08-02
763,NEW YORK LAGUARDIA AIRPORT NY US,20150803,0,0,0,0,2015-08-03
764,NEW YORK LAGUARDIA AIRPORT NY US,20150804,76,0,0,1,2015-08-04
765,NEW YORK LAGUARDIA AIRPORT NY US,20150805,0,0,0,0,2015-08-05
766,NEW YORK LAGUARDIA AIRPORT NY US,20150806,0,0,0,0,2015-08-06
767,NEW YORK LAGUARDIA AIRPORT NY US,20150807,0,0,0,0,2015-08-07
768,NEW YORK LAGUARDIA AIRPORT NY US,20150808,0,0,0,0,2015-08-08
769,NEW YORK LAGUARDIA AIRPORT NY US,20150809,0,0,0,0,2015-08-09
770,NEW YORK LAGUARDIA AIRPORT NY US,20150810,0,0,0,0,2015-08-10
771,NEW YORK LAGUARDIA AIRPORT NY US,20150811,300,0,0,1,2015-08-11
772,NEW YORK LAGUARDIA AIRPORT NY US,20150812,0,0,0,0,2015-08-12
773,NEW YORK LAGUARDIA AIRPORT NY US,20150813,0,0,0,0,2015-08-13
774,NEW YORK LAGUARDIA AIRPORT NY US,20150814,0,0,0,0,2015-08-14
775,NEW YORK LAGUARDIA AIRPORT NY US,20150815,0,0,0,0,2015-08-15
776,NEW YORK LAGUARDIA AIRPORT NY US,20150816,0,0,0,0,2015-08-16
777,NEW YORK LAGUARDIA AIRPORT NY US,20150817,0,0,0,0,2015-08-17
778,NEW YORK LAGUARDIA AIRPORT NY US,20150818,0,0,0,0,2015-08-18
779,NEW YORK LAGUARDIA AIRPORT NY US,20150819,0,0,0,0,2015-08-19
780,NEW YORK LAGUARDIA AIRPORT NY US,20150820,0,0,0,0,2015-08-20
781,NEW YORK LAGUARDIA AIRPORT NY US,20150821,81,0,0,1,2015-08-21
782,NEW YORK LAGUARDIA AIRPORT NY US,20150822,0,0,0,0,2015-08-22
783,NEW YORK LAGUARDIA AIRPORT NY US,20150823,0,0,0,0,2015-08-23
784,NEW YORK LAGUARDIA AIRPORT NY US,20150824,0,0,0,0,2015-08-24
785,NEW YORK LAGUARDIA AIRPORT NY US,20150825,0,0,0,0,2015-08-25
786,NEW YORK LAGUARDIA AIRPORT NY US,20150826,0,0,0,0,2015-08-26
787,NEW YORK LAGUARDIA AIRPORT NY US,20150827,0,0,0,0,2015-08-27
788,NEW YORK LAGUARDIA AIRPORT NY US,20150828,0,0,0,0,2015-08-28
789,NEW YORK LAGUARDIA AIRPORT NY US,20150829,0,0,0,0,2015-08-29
790,NEW YORK LAGUARDIA AIRPORT NY US,20150830,20,0,0,1,2015-08-30
791,NEW YORK LAGUARDIA AIRPORT NY US,20150831,0,0,0,0,2015-08-31
792,NEW YORK LAGUARDIA AIRPORT NY US,20150901,0,0,0,0,2015-09-01
793,NEW YORK LAGUARDIA AIRPORT NY US,20150902,0,0,0,0,2015-09-02
794,NEW YORK LAGUARDIA AIRPORT NY US,20150903,0,0,0,0,2015-09-03
795,NEW YORK LAGUARDIA AIRPORT NY US,20150904,0,0,0,0,2015-09-04
796,NEW YORK LAGUARDIA AIRPORT NY US,20150905,0,0,0,0,2015-09-05
797,NEW YORK LAGUARDIA AIRPORT NY US,20150906,0,0,0,0,2015-09-06
798,NEW YORK LAGUARDIA AIRPORT NY US,20150907,0,0,0,0,2015-09-07
799,NEW YORK LAGUARDIA AIRPORT NY US,20150908,0,0,0,0,2015-09-08
800,NEW YORK LAGUARDIA AIRPORT NY US,20150909,36,0,0,1,2015-09-09
801,NEW YORK LAGUARDIA AIRPORT NY US,20150910,264,0,0,1,2015-09-10
802,NEW YORK LAGUARDIA AIRPORT NY US,20150911,0,0,0,0,2015-09-11
803,NEW YORK LAGUARDIA AIRPORT NY US,20150912,43,0,0,1,2015-09-12
804,NEW YORK LAGUARDIA AIRPORT NY US,20150913,13,0,0,1,2015-09-13
805,NEW YORK LAGUARDIA AIRPORT NY US,20150914,0,0,0,0,2015-09-14
806,NEW YORK LAGUARDIA AIRPORT NY US,20150915,0,0,0,0,2015-09-15
807,NEW YORK LAGUARDIA AIRPORT NY US,20150916,0,0,0,0,2015-09-16
808,NEW YORK LAGUARDIA AIRPORT NY US,20150917,0,0,0,0,2015-09-17
809,NEW YORK LAGUARDIA AIRPORT NY US,20150918,0,0,0,0,2015-09-18
810,NEW YORK LAGUARDIA AIRPORT NY US,20150919,0,0,0,0,2015-09-19
811,NEW YORK LAGUARDIA AIRPORT NY US,20150920,0,0,0,0,2015-09-20
812,NEW YORK LAGUARDIA AIRPORT NY US,20150921,0,0,0,0,2015-09-21
813,NEW YORK LAGUARDIA AIRPORT NY US,20150922,0,0,0,0,2015-09-22
814,NEW YORK LAGUARDIA AIRPORT NY US,20150923,0,0,0,0,2015-09-23
815,NEW YORK LAGUARDIA AIRPORT NY US,20150924,0,0,0,0,2015-09-24
816,NEW YORK LAGUARDIA AIRPORT NY US,20150925,0,0,0,0,2015-09-25
817,NEW YORK LAGUARDIA AIRPORT NY US,20150926,0,0,0,0,2015-09-26
818,NEW YORK LAGUARDIA AIRPORT NY US,20150927,0,0,0,0,2015-09-27
819,NEW YORK LAGUARDIA AIRPORT NY US,20150928,0,0,0,0,2015-09-28
820,NEW YORK LAGUARDIA AIRPORT NY US,20150929,20,0,0,1,2015-09-29
821,NEW YORK LAGUARDIA AIRPORT NY US,20150930,262,0,0,1,2015-09-30
822,NEW YORK LAGUARDIA AIRPORT NY US,20151001,23,0,0,1,2015-10-01
823,NEW YORK LAGUARDIA AIRPORT NY US,20151002,292,0,0,1,2015-10-02
824,NEW YORK LAGUARDIA AIRPORT NY US,20151003,91,0,0,1,2015-10-03
825,NEW YORK LAGUARDIA AIRPORT NY US,20151004,0,0,0,0,2015-10-04
826,NEW YORK LAGUARDIA AIRPORT NY US,20151005,0,0,0,0,2015-10-05
827,NEW YORK LAGUARDIA AIRPORT NY US,20151006,0,0,0,0,2015-10-06
828,NEW YORK LAGUARDIA AIRPORT NY US,20151007,0,0,0,0,2015-10-07
829,NEW YORK LAGUARDIA AIRPORT NY US,20151008,0,0,0,0,2015-10-08
830,NEW YORK LAGUARDIA AIRPORT NY US,20151009,127,0,0,1,2015-10-09
831,NEW YORK LAGUARDIA AIRPORT NY US,20151010,0,0,0,0,2015-10-10
832,NEW YORK LAGUARDIA AIRPORT NY US,20151011,0,0,0,0,2015-10-11
833,NEW YORK LAGUARDIA AIRPORT NY US,20151012,0,0,0,0,2015-10-12
834,NEW YORK LAGUARDIA AIRPORT NY US,20151013,0,0,0,0,2015-10-13
835,NEW YORK LAGUARDIA AIRPORT NY US,20151014,0,0,0,0,2015-10-14
836,NEW YORK LAGUARDIA AIRPORT NY US,20151015,0,0,0,0,2015-10-15
837,NEW YORK LAGUARDIA AIRPORT NY US,20151016,0,0,0,0,2015-10-16
838,NEW YORK LAGUARDIA AIRPORT NY US,20151017,0,0,0,0,2015-10-17
839,NEW YORK LAGUARDIA AIRPORT NY US,20151018,0,0,0,0,2015-10-18
840,NEW YORK LAGUARDIA AIRPORT NY US,20151019,0,0,0,0,2015-10-19
841,NEW YORK LAGUARDIA AIRPORT NY US,20151020,0,0,0,0,2015-10-20
842,NEW YORK LAGUARDIA AIRPORT NY US,20151021,0,0,0,0,2015-10-21
843,NEW YORK LAGUARDIA AIRPORT NY US,20151022,0,0,0,0,2015-10-22
844,NEW YORK LAGUARDIA AIRPORT NY US,20151023,0,0,0,0,2015-10-23
845,NEW YORK LAGUARDIA AIRPORT NY US,20151024,0,0,0,0,2015-10-24
846,NEW YORK LAGUARDIA AIRPORT NY US,20151025,8,0,0,1,2015-10-25
847,NEW YORK LAGUARDIA AIRPORT NY US,20151026,0,0,0,0,2015-10-26
848,NEW YORK LAGUARDIA AIRPORT NY US,20151027,0,0,0,0,2015-10-27
849,NEW YORK LAGUARDIA AIRPORT NY US,20151028,318,0,0,1,2015-10-28
850,NEW YORK LAGUARDIA AIRPORT NY US,20151029,3,0,0,1,2015-10-29
851,NEW YORK LAGUARDIA AIRPORT NY US,20151030,0,0,0,0,2015-10-30
852,NEW YORK LAGUARDIA AIRPORT NY US,20151031,0,0,0,0,2015-10-31
853,NEW YORK LAGUARDIA AIRPORT NY US,20151101,0,0,0,0,2015-11-01
854,NEW YORK LAGUARDIA AIRPORT NY US,20151102,0,0,0,0,2015-11-02
855,NEW YORK LAGUARDIA AIRPORT NY US,20151103,0,0,0,0,2015-11-03
856,NEW YORK LAGUARDIA AIRPORT NY US,20151104,0,0,0,0,2015-11-04
857,NEW YORK LAGUARDIA AIRPORT NY US,20151105,0,0,0,0,2015-11-05
858,NEW YORK LAGUARDIA AIRPORT NY US,20151106,0,0,0,0,2015-11-06
859,NEW YORK LAGUARDIA AIRPORT NY US,20151107,0,0,0,0,2015-11-07
860,NEW YORK LAGUARDIA AIRPORT NY US,20151108,0,0,0,0,2015-11-08
861,NEW YORK LAGUARDIA AIRPORT NY US,20151109,0,0,0,0,2015-11-09
862,NEW YORK LAGUARDIA AIRPORT NY US,20151110,69,0,0,1,2015-11-10
863,NEW YORK LAGUARDIA AIRPORT NY US,20151111,58,0,0,1,2015-11-11
864,NEW YORK LAGUARDIA AIRPORT NY US,20151112,3,0,0,1,2015-11-12
865,NEW YORK LAGUARDIA AIRPORT NY US,20151113,0,0,0,0,2015-11-13
866,NEW YORK LAGUARDIA AIRPORT NY US,20151114,0,0,0,0,2015-11-14
867,NEW YORK LAGUARDIA AIRPORT NY US,20151115,0,0,0,0,2015-11-15
868,NEW YORK LAGUARDIA AIRPORT NY US,20151116,0,0,0,0,2015-11-16
869,NEW YORK LAGUARDIA AIRPORT NY US,20151117,0,0,0,0,2015-11-17
870,NEW YORK LAGUARDIA AIRPORT NY US,20151118,0,0,0,0,2015-11-18
871,NEW YORK LAGUARDIA AIRPORT NY US,20151119,295,0,0,1,2015-11-19
872,NEW YORK LAGUARDIA AIRPORT NY US,20151120,0,0,0,0,2015-11-20
873,NEW YORK LAGUARDIA AIRPORT NY US,20151121,0,0,0,0,2015-11-21
874,NEW YORK LAGUARDIA AIRPORT NY US,20151122,0,0,0,0,2015-11-22
875,NEW YORK LAGUARDIA AIRPORT NY US,20151123,0,0,0,0,2015-11-23
876,NEW YORK LAGUARDIA AIRPORT NY US,20151124,0,0,0,0,2015-11-24
877,NEW YORK LAGUARDIA AIRPORT NY US,20151125,0,0,0,0,2015-11-25
878,NEW YORK LAGUARDIA AIRPORT NY US,20151126,0,0,0,0,2015-11-26
879,NEW YORK LAGUARDIA AIRPORT NY US,20151127,0,0,0,0,2015-11-27
880,NEW YORK LAGUARDIA AIRPORT NY US,20151128,8,0,0,1,2015-11-28
881,NEW YORK LAGUARDIA AIRPORT NY US,20151129,0,0,0,0,2015-11-29
882,NEW YORK LAGUARDIA AIRPORT NY US,20151130,0,0,0,0,2015-11-30
